tournament_year,match_id,match_name,date,stage,team,opponent,goals_for,goals_against,match_result,completed_passes,unique_passing_pairs,num_players,network_density,top_player_reliance,top_connection_count,final_third_entries,progressive_passes,key_passes,goal_assists,through_balls,crosses,final_third_entry_share,final_third_entries_per_100_passes,connections_per_100_passes,passes_per_connection
2018,8650,Brazil vs Belgium,2018-07-06,QF,Brazil,Belgium,1,2,L,459,114,14,0.6264,0.1558,24,33,133,21,1,2,6,0.0719,7.19,24.84,4.03
2018,8650,Brazil vs Belgium,2018-07-06,QF,Belgium,Brazil,2,1,W,310,93,13,0.5962,0.1274,16,24,99,4,0,0,0,0.0774,7.74,30.0,3.33
2018,7584,Belgium vs Japan,2018-07-02,R16,Belgium,Japan,3,2,W,524,110,13,0.7051,0.1412,28,43,143,21,2,0,14,0.0821,8.21,20.99,4.76
2018,7584,Belgium vs Japan,2018-07-02,R16,Japan,Belgium,2,3,L,363,99,13,0.6346,0.1322,13,23,99,5,2,1,2,0.0634,6.34,27.27,3.67
2018,7554,England vs Panama,2018-06-24,group,England,Panama,6,1,W,552,116,14,0.6374,0.1821,34,42,113,3,2,5,1,0.0761,7.61,21.01,4.76
2018,7554,England vs Panama,2018-06-24,group,Panama,England,1,6,L,349,108,14,0.5934,0.1519,17,27,103,6,1,0,2,0.0774,7.74,30.95,3.23
2018,7539,Poland vs Senegal,2018-06-19,group,Poland,Senegal,1,2,L,482,102,14,0.5604,0.1784,22,32,143,5,1,2,3,0.0664,6.64,21.16,4.73
2018,7539,Poland vs Senegal,2018-06-19,group,Senegal,Poland,2,1,W,286,97,14,0.533,0.1521,12,28,81,4,0,0,3,0.0979,9.79,33.92,2.95
2018,7550,Serbia vs Switzerland,2018-06-22,group,Serbia,Switzerland,1,2,L,263,94,13,0.6026,0.116,10,35,95,10,1,0,7,0.1331,13.31,35.74,2.8
2018,7550,Serbia vs Switzerland,2018-06-22,group,Switzerland,Serbia,2,1,W,467,102,13,0.6538,0.1595,16,31,129,10,1,0,3,0.0664,6.64,21.84,4.58
2018,7538,Sweden vs South Korea,2018-06-18,group,Sweden,South Korea,1,0,W,371,93,14,0.511,0.155,18,33,100,11,0,0,3,0.0889,8.89,25.07,3.99
2018,7538,Sweden vs South Korea,2018-06-18,group,South Korea,Sweden,0,1,L,289,111,14,0.6099,0.1263,11,23,79,5,0,0,4,0.0796,7.96,38.41,2.6
2018,7534,Germany vs Mexico,2018-06-17,group,Germany,Mexico,0,1,L,521,113,14,0.6209,0.1363,23,70,177,18,0,0,7,0.1344,13.44,21.69,4.61
2018,7534,Germany vs Mexico,2018-06-17,group,Mexico,Germany,1,0,W,247,99,14,0.544,0.1417,8,24,93,10,1,2,1,0.0972,9.72,40.08,2.49
2018,7543,Iran vs Spain,2018-06-20,group,Iran,Spain,0,1,L,158,84,13,0.5385,0.1111,6,17,54,3,0,0,3,0.1076,10.76,53.16,1.88
2018,7543,Iran vs Spain,2018-06-20,group,Spain,Iran,1,0,W,719,118,14,0.6484,0.1474,23,45,177,11,0,1,8,0.0626,6.26,16.41,6.09
2018,7544,Uruguay vs Saudi Arabia,2018-06-20,group,Uruguay,Saudi Arabia,1,0,W,429,116,14,0.6374,0.1538,17,40,109,10,1,0,7,0.0932,9.32,27.04,3.7
2018,7544,Uruguay vs Saudi Arabia,2018-06-20,group,Saudi Arabia,Uruguay,0,1,L,499,115,14,0.6319,0.1533,18,37,106,7,0,0,3,0.0741,7.41,23.05,4.34
2018,7546,France vs Peru,2018-06-21,group,France,Peru,1,0,W,332,91,13,0.5833,0.1431,14,32,101,8,0,1,0,0.0964,9.64,27.41,3.65
2018,7546,France vs Peru,2018-06-21,group,Peru,France,0,1,L,436,110,14,0.6044,0.1193,16,37,114,11,0,0,4,0.0849,8.49,25.23,3.96
2018,7545,Argentina vs Croatia,2018-06-21,group,Argentina,Croatia,0,3,L,413,115,14,0.6319,0.1622,21,34,79,8,0,3,3,0.0823,8.23,27.85,3.59
2018,7545,Argentina vs Croatia,2018-06-21,group,Croatia,Argentina,3,0,W,274,88,14,0.4835,0.1642,12,22,89,8,2,0,4,0.0803,8.03,32.12,3.11
2018,7585,Colombia vs England,2018-07-03,R16,Colombia,England,1,1,D,429,125,15,0.5952,0.1177,21,25,141,11,1,0,4,0.0583,5.83,29.14,3.43
2018,7585,Colombia vs England,2018-07-03,R16,England,Colombia,1,1,D,477,131,15,0.6238,0.1551,20,44,162,12,0,0,3,0.0922,9.22,27.46,3.64
2018,7569,Panama vs Tunisia,2018-06-28,group,Panama,Tunisia,1,2,L,202,89,14,0.489,0.1361,7,22,65,5,0,0,0,0.1089,10.89,44.06,2.27
2018,7569,Panama vs Tunisia,2018-06-28,group,Tunisia,Panama,2,1,W,547,115,13,0.7372,0.1601,25,51,141,9,2,3,3,0.0932,9.32,21.02,4.76
2018,7572,Japan vs Poland,2018-06-28,group,Japan,Poland,0,1,L,491,109,14,0.5989,0.1527,24,31,129,10,0,0,3,0.0631,6.31,22.2,4.5
2018,7572,Japan vs Poland,2018-06-28,group,Poland,Japan,1,0,W,400,102,13,0.6538,0.16,29,40,118,8,1,0,1,0.1,10.0,25.5,3.92
2018,7561,Iceland vs Croatia,2018-06-26,group,Iceland,Croatia,1,2,L,224,88,12,0.6667,0.1191,8,30,85,12,0,0,4,0.1339,13.39,39.29,2.55
2018,7561,Iceland vs Croatia,2018-06-26,group,Croatia,Iceland,2,1,W,451,98,14,0.5385,0.1707,24,36,121,8,1,0,1,0.0798,7.98,21.73,4.6
2018,7540,Russia vs Egypt,2018-06-19,group,Russia,Egypt,3,1,W,321,102,14,0.5604,0.1417,10,25,83,5,2,0,8,0.0779,7.79,31.78,3.15
2018,7540,Russia vs Egypt,2018-06-19,group,Egypt,Russia,1,3,L,360,109,14,0.5989,0.15,17,41,106,11,0,0,4,0.1139,11.39,30.28,3.3
2018,7531,Argentina vs Iceland,2018-06-16,group,Argentina,Iceland,1,1,D,694,125,14,0.6868,0.1823,25,76,171,20,0,0,6,0.1095,10.95,18.01,5.55
2018,7531,Argentina vs Iceland,2018-06-16,group,Iceland,Argentina,1,1,D,137,87,14,0.478,0.1387,5,18,47,4,0,0,1,0.1314,13.14,63.5,1.57
2018,7570,England vs Belgium,2018-06-28,group,England,Belgium,0,1,L,432,110,13,0.7051,0.1574,17,27,115,7,0,1,3,0.0625,6.25,25.46,3.93
2018,7570,England vs Belgium,2018-06-28,group,Belgium,England,1,0,W,487,101,13,0.6474,0.1366,22,25,133,10,1,0,6,0.0513,5.13,20.74,4.82
2018,7586,Sweden vs Switzerland,2018-07-03,R16,Sweden,Switzerland,1,0,W,202,84,14,0.4615,0.1139,7,20,77,6,1,0,2,0.099,9.9,41.58,2.4
2018,7586,Sweden vs Switzerland,2018-07-03,R16,Switzerland,Sweden,0,1,L,510,102,13,0.6538,0.1608,20,42,145,10,0,0,10,0.0824,8.24,20.0,5.0
2018,7557,Iran vs Portugal,2018-06-25,group,Iran,Portugal,1,1,D,154,83,14,0.456,0.1201,6,20,62,6,0,0,2,0.1299,12.99,53.9,1.86
2018,7557,Iran vs Portugal,2018-06-25,group,Portugal,Iran,1,1,D,534,102,13,0.6538,0.1687,15,50,142,10,1,0,3,0.0936,9.36,19.1,5.24
2018,7542,Portugal vs Morocco,2018-06-20,group,Portugal,Morocco,1,0,W,281,109,14,0.5989,0.1192,10,15,98,7,1,0,3,0.0534,5.34,38.79,2.58
2018,7542,Portugal vs Morocco,2018-06-20,group,Morocco,Portugal,0,1,L,382,114,14,0.6264,0.1257,13,33,105,11,0,0,8,0.0864,8.64,29.84,3.35
2018,8656,Croatia vs England,2018-07-11,SF,Croatia,England,2,1,W,492,107,14,0.5879,0.1453,21,43,184,12,2,0,4,0.0874,8.74,21.75,4.6
2018,8656,Croatia vs England,2018-07-11,SF,England,Croatia,1,2,L,403,122,14,0.6703,0.1255,14,30,126,9,0,0,2,0.0744,7.44,30.27,3.3
2018,7548,Brazil vs Costa Rica,2018-06-22,group,Brazil,Costa Rica,2,0,W,661,128,14,0.7033,0.1498,32,65,207,18,1,0,9,0.0983,9.83,19.36,5.16
2018,7548,Brazil vs Costa Rica,2018-06-22,group,Costa Rica,Brazil,0,2,L,205,88,14,0.4835,0.1366,10,16,72,2,0,0,1,0.078,7.8,42.93,2.33
2018,7578,Egypt vs Uruguay,2018-06-15,group,Egypt,Uruguay,0,1,L,344,106,14,0.5824,0.1395,13,26,97,2,0,0,2,0.0756,7.56,30.81,3.25
2018,7578,Egypt vs Uruguay,2018-06-15,group,Uruguay,Egypt,1,0,W,513,119,14,0.6538,0.152,17,48,146,10,1,0,3,0.0936,9.36,23.2,4.31
2018,7553,South Korea vs Mexico,2018-06-23,group,South Korea,Mexico,1,2,L,279,111,14,0.6099,0.1344,8,30,88,11,1,0,1,0.1075,10.75,39.78,2.51
2018,7553,South Korea vs Mexico,2018-06-23,group,Mexico,South Korea,2,1,W,422,110,14,0.6044,0.1398,25,39,119,9,1,0,2,0.0924,9.24,26.07,3.84
2018,7536,Belgium vs Panama,2018-06-18,group,Belgium,Panama,3,0,W,513,109,14,0.5989,0.1813,37,45,141,8,2,4,4,0.0877,8.77,21.25,4.71
2018,7536,Belgium vs Panama,2018-06-18,group,Panama,Belgium,0,3,L,284,98,14,0.5385,0.1408,12,26,89,5,0,1,2,0.0915,9.15,34.51,2.9
2018,7555,Poland vs Colombia,2018-06-24,group,Poland,Colombia,0,3,L,340,107,14,0.5879,0.1309,14,27,103,8,0,0,5,0.0794,7.94,31.47,3.18
2018,7555,Poland vs Colombia,2018-06-24,group,Colombia,Poland,3,0,W,427,117,14,0.6429,0.1429,18,38,120,5,3,0,1,0.089,8.9,27.4,3.65
2018,7576,Portugal vs Spain,2018-06-15,group,Portugal,Spain,3,3,D,318,104,14,0.5714,0.1447,11,32,107,5,0,0,3,0.1006,10.06,32.7,3.06
2018,7576,Portugal vs Spain,2018-06-15,group,Spain,Portugal,3,3,D,714,126,14,0.6923,0.1485,29,60,158,7,1,0,6,0.084,8.4,17.65,5.67
2018,7565,Serbia vs Brazil,2018-06-27,group,Serbia,Brazil,0,2,L,337,99,13,0.6346,0.1187,15,29,111,8,0,0,5,0.0861,8.61,29.38,3.4
2018,7565,Serbia vs Brazil,2018-06-27,group,Brazil,Serbia,2,0,W,553,120,14,0.6593,0.1401,32,39,123,10,2,0,4,0.0705,7.05,21.7,4.61
2018,7551,Germany vs Sweden,2018-06-23,group,Germany,Sweden,2,1,W,619,121,14,0.6648,0.1777,28,63,200,13,1,0,10,0.1018,10.18,19.55,5.12
2018,7551,Germany vs Sweden,2018-06-23,group,Sweden,Germany,1,2,L,164,80,14,0.4396,0.1402,7,20,67,5,1,1,5,0.122,12.2,48.78,2.05
2018,7537,Tunisia vs England,2018-06-18,group,Tunisia,England,1,2,L,285,91,13,0.5833,0.1235,11,9,67,4,0,1,1,0.0316,3.16,31.93,3.13
2018,7537,Tunisia vs England,2018-06-18,group,England,Tunisia,2,1,W,484,114,13,0.7308,0.1405,22,47,141,11,1,0,4,0.0971,9.71,23.55,4.25
2018,7580,France vs Argentina,2018-06-30,R16,France,Argentina,4,3,W,283,88,14,0.4835,0.159,11,22,82,2,2,0,3,0.0777,7.77,31.1,3.22
2018,7580,France vs Argentina,2018-06-30,R16,Argentina,France,3,4,L,448,117,14,0.6429,0.1596,18,42,125,5,2,0,3,0.0938,9.38,26.12,3.83
2018,7581,Croatia vs Denmark,2018-07-01,R16,Croatia,Denmark,1,1,D,517,115,15,0.5476,0.1402,20,46,152,12,0,1,6,0.089,8.9,22.24,4.5
2018,7581,Croatia vs Denmark,2018-07-01,R16,Denmark,Croatia,1,1,D,445,138,15,0.6571,0.1506,23,42,144,8,1,1,2,0.0944,9.44,31.01,3.22
2018,7549,Nigeria vs Iceland,2018-06-22,group,Nigeria,Iceland,2,0,W,413,107,14,0.5879,0.1501,14,39,123,12,2,0,6,0.0944,9.44,25.91,3.86
2018,7549,Nigeria vs Iceland,2018-06-22,group,Iceland,Nigeria,0,2,L,224,92,14,0.5055,0.1607,11,27,82,7,0,0,7,0.1205,12.05,41.07,2.43
2018,7529,Croatia vs Nigeria,2018-06-16,group,Croatia,Nigeria,2,0,W,389,113,14,0.6209,0.1401,16,34,111,9,0,0,3,0.0874,8.74,29.05,3.44
2018,7529,Croatia vs Nigeria,2018-06-16,group,Nigeria,Croatia,0,2,L,319,94,13,0.6026,0.185,13,23,106,10,0,0,3,0.0721,7.21,29.47,3.39
2018,7562,Australia vs Peru,2018-06-26,group,Australia,Peru,0,2,L,489,109,14,0.5989,0.1503,21,43,180,11,0,0,6,0.0879,8.79,22.29,4.49
2018,7562,Australia vs Peru,2018-06-26,group,Peru,Australia,2,0,W,341,117,14,0.6429,0.1481,14,21,101,2,1,0,1,0.0616,6.16,34.31,2.91
2018,7571,Senegal vs Colombia,2018-06-28,group,Senegal,Colombia,0,1,L,234,81,14,0.4451,0.1474,10,23,80,4,0,1,1,0.0983,9.83,34.62,2.89
2018,7571,Senegal vs Colombia,2018-06-28,group,Colombia,Senegal,1,0,W,358,98,13,0.6282,0.1459,14,26,123,1,1,0,3,0.0726,7.26,27.37,3.65
2018,7568,Switzerland vs Costa Rica,2018-06-27,group,Switzerland,Costa Rica,2,2,D,502,110,14,0.6044,0.1873,19,29,147,7,2,0,8,0.0578,5.78,21.91,4.56
2018,7568,Switzerland vs Costa Rica,2018-06-27,group,Costa Rica,Switzerland,2,2,D,280,95,14,0.522,0.1196,10,25,95,8,1,0,4,0.0893,8.93,33.93,2.95
2018,7530,France vs Australia,2018-06-16,group,France,Australia,2,1,W,445,114,14,0.6264,0.127,23,43,153,5,0,0,2,0.0966,9.66,25.62,3.9
2018,7530,France vs Australia,2018-06-16,group,Australia,France,1,2,L,342,86,14,0.4725,0.1944,21,20,110,3,0,0,2,0.0585,5.85,25.15,3.98
2018,7558,Uruguay vs Russia,2018-06-25,group,Uruguay,Russia,3,0,W,436,102,14,0.5604,0.1376,18,39,148,10,0,0,4,0.0894,8.94,23.39,4.27
2018,7558,Uruguay vs Russia,2018-06-25,group,Russia,Uruguay,0,3,L,290,106,14,0.5824,0.1224,13,35,98,3,0,0,3,0.1207,12.07,36.55,2.74
2018,7583,Brazil vs Mexico,2018-07-02,R16,Brazil,Mexico,2,0,W,330,100,14,0.5495,0.1182,11,27,90,13,1,1,8,0.0818,8.18,30.3,3.3
2018,7583,Brazil vs Mexico,2018-07-02,R16,Mexico,Brazil,0,2,L,353,113,14,0.6209,0.1586,19,41,114,8,0,0,3,0.1161,11.61,32.01,3.12
2018,7547,Denmark vs Australia,2018-06-21,group,Denmark,Australia,1,1,D,396,96,13,0.6154,0.1553,24,45,116,8,1,0,4,0.1136,11.36,24.24,4.12
2018,7547,Denmark vs Australia,2018-06-21,group,Australia,Denmark,1,1,D,442,110,14,0.6044,0.181,32,32,143,10,0,0,4,0.0724,7.24,24.89,4.02
2018,7535,Costa Rica vs Serbia,2018-06-17,group,Costa Rica,Serbia,0,1,L,376,117,14,0.6429,0.125,12,30,105,8,0,0,4,0.0798,7.98,31.12,3.21
2018,7535,Costa Rica vs Serbia,2018-06-17,group,Serbia,Costa Rica,1,0,W,335,88,14,0.4835,0.1254,14,34,103,10,0,0,3,0.1015,10.15,26.27,3.81
2018,8649,Uruguay vs France,2018-07-06,QF,Uruguay,France,0,2,L,217,96,14,0.5275,0.1267,8,33,82,4,0,0,4,0.1521,15.21,44.24,2.26
2018,8649,Uruguay vs France,2018-07-06,QF,France,Uruguay,2,0,W,445,99,14,0.544,0.1584,30,35,115,4,2,0,3,0.0787,7.87,22.25,4.49
2018,8658,France vs Croatia,2018-07-15,Final,France,Croatia,4,2,W,202,96,14,0.5275,0.1386,7,19,68,3,1,0,1,0.0941,9.41,47.52,2.1
2018,8658,France vs Croatia,2018-07-15,Final,Croatia,France,2,4,L,448,98,13,0.6282,0.1775,20,50,140,11,1,0,6,0.1116,11.16,21.88,4.57
2018,7582,Spain vs Russia,2018-07-01,R16,Spain,Russia,1,1,D,1026,134,15,0.6381,0.1569,59,129,267,20,0,0,7,0.1257,12.57,13.06,7.66
2018,7582,Spain vs Russia,2018-07-01,R16,Russia,Spain,1,1,D,215,96,15,0.4571,0.193,10,19,73,5,0,0,3,0.0884,8.84,44.65,2.24
2018,7552,Belgium vs Tunisia,2018-06-23,group,Belgium,Tunisia,5,2,W,392,111,14,0.6099,0.1365,12,30,139,13,4,4,6,0.0765,7.65,28.32,3.53
2018,7552,Belgium vs Tunisia,2018-06-23,group,Tunisia,Belgium,2,5,L,374,117,14,0.6429,0.1484,17,34,125,13,2,0,7,0.0909,9.09,31.28,3.2
2018,7532,Peru vs Denmark,2018-06-16,group,Peru,Denmark,0,1,L,347,100,14,0.5495,0.1657,16,25,111,14,0,0,4,0.072,7.2,28.82,3.47
2018,7532,Peru vs Denmark,2018-06-16,group,Denmark,Peru,1,0,W,302,99,14,0.544,0.1358,15,30,98,5,1,0,2,0.0993,9.93,32.78,3.05
2018,7560,Spain vs Morocco,2018-06-25,group,Spain,Morocco,2,2,D,675,113,14,0.6209,0.14,30,80,171,16,2,0,8,0.1185,11.85,16.74,5.97
2018,7560,Spain vs Morocco,2018-06-25,group,Morocco,Spain,2,2,D,187,92,14,0.5055,0.123,7,12,52,6,1,0,2,0.0642,6.42,49.2,2.03
2018,7533,Brazil vs Switzerland,2018-06-17,group,Brazil,Switzerland,1,1,D,473,119,14,0.6538,0.148,26,32,139,11,0,1,4,0.0677,6.77,25.16,3.97
2018,7533,Brazil vs Switzerland,2018-06-17,group,Switzerland,Brazil,1,1,D,363,89,12,0.6742,0.1572,20,35,101,5,1,0,2,0.0964,9.64,24.52,4.08
2018,7564,Nigeria vs Argentina,2018-06-26,group,Nigeria,Argentina,1,2,L,210,88,14,0.4835,0.15,11,15,64,5,0,1,1,0.0714,7.14,41.9,2.39
2018,7564,Nigeria vs Argentina,2018-06-26,group,Argentina,Nigeria,2,1,W,479,104,13,0.6667,0.1628,17,29,119,5,2,0,2,0.0605,6.05,21.71,4.61
2018,7579,Uruguay vs Portugal,2018-06-30,R16,Uruguay,Portugal,2,1,W,190,94,14,0.5165,0.1421,8,25,75,3,2,0,3,0.1316,13.16,49.47,2.02
2018,7579,Uruguay vs Portugal,2018-06-30,R16,Portugal,Uruguay,1,2,L,486,116,14,0.6374,0.1492,14,40,156,15,1,0,12,0.0823,8.23,23.87,4.19
2018,7577,Morocco vs Iran,2018-06-15,group,Morocco,Iran,0,1,L,397,105,14,0.5769,0.1801,24,32,115,10,0,0,4,0.0806,8.06,26.45,3.78
2018,7577,Morocco vs Iran,2018-06-15,group,Iran,Morocco,1,0,W,144,74,14,0.4066,0.1285,6,13,53,2,0,1,0,0.0903,9.03,51.39,1.95
2018,7525,Russia vs Saudi Arabia,2018-06-14,group,Russia,Saudi Arabia,5,0,W,272,114,14,0.6264,0.1121,9,23,89,8,4,0,2,0.0846,8.46,41.91,2.39
2018,7525,Russia vs Saudi Arabia,2018-06-14,group,Saudi Arabia,Russia,0,5,L,458,97,14,0.533,0.1528,19,29,103,4,0,0,1,0.0633,6.33,21.18,4.72
2018,7566,Mexico vs Sweden,2018-06-27,group,Mexico,Sweden,0,3,L,404,117,14,0.6429,0.1658,20,31,124,17,0,0,6,0.0767,7.67,28.96,3.45
2018,7566,Mexico vs Sweden,2018-06-27,group,Sweden,Mexico,3,0,W,152,78,13,0.5,0.1452,6,16,59,8,0,0,4,0.1053,10.53,51.32,1.95
2018,8651,Sweden vs England,2018-07-07,QF,Sweden,England,0,2,L,291,100,14,0.5495,0.1237,11,21,112,5,0,0,5,0.0722,7.22,34.36,2.91
2018,8651,Sweden vs England,2018-07-07,QF,England,Sweden,2,0,W,426,107,14,0.5879,0.1326,20,35,113,4,2,1,5,0.0822,8.22,25.12,3.98
2018,7567,South Korea vs Germany,2018-06-27,group,South Korea,Germany,2,0,W,184,91,14,0.5,0.1685,9,17,62,5,1,0,1,0.0924,9.24,49.46,2.02
2018,7567,South Korea vs Germany,2018-06-27,group,Germany,South Korea,0,2,L,631,124,14,0.6813,0.1601,27,48,189,24,0,0,9,0.0761,7.61,19.65,5.09
2018,7541,Colombia vs Japan,2018-06-19,group,Colombia,Japan,1,2,L,314,108,14,0.5934,0.1497,17,35,109,8,0,0,3,0.1115,11.15,34.39,2.91
2018,7541,Colombia vs Japan,2018-06-19,group,Japan,Colombia,2,1,W,530,112,14,0.6154,0.1528,24,42,134,9,1,0,4,0.0792,7.92,21.13,4.73
2018,8655,France vs Belgium,2018-07-10,SF,France,Belgium,1,0,W,301,85,13,0.5449,0.1362,15,27,91,15,1,0,4,0.0897,8.97,28.24,3.54
2018,8655,France vs Belgium,2018-07-10,SF,Belgium,France,0,1,L,549,103,13,0.6603,0.1858,42,49,151,7,0,0,4,0.0893,8.93,18.76,5.33
2018,8657,Belgium vs England,2018-07-14,3rd,Belgium,England,2,0,W,427,113,14,0.6209,0.1335,14,22,124,7,2,0,1,0.0515,5.15,26.46,3.78
2018,8657,Belgium vs England,2018-07-14,3rd,England,Belgium,0,2,L,619,128,14,0.7033,0.1292,24,38,133,15,0,0,6,0.0614,6.14,20.68,4.84
2018,8652,Russia vs Croatia,2018-07-07,QF,Russia,Croatia,2,2,D,266,119,15,0.5667,0.1297,10,32,94,7,2,0,5,0.1203,12.03,44.74,2.24
2018,8652,Russia vs Croatia,2018-07-07,QF,Croatia,Russia,2,2,D,607,144,15,0.6857,0.1466,20,59,182,9,2,0,9,0.0972,9.72,23.72,4.22
2018,7563,Denmark vs France,2018-06-26,group,Denmark,France,0,0,D,236,94,13,0.6026,0.1335,10,16,57,2,0,0,0,0.0678,6.78,39.83,2.51
2018,7563,Denmark vs France,2018-06-26,group,France,Denmark,0,0,D,592,117,14,0.6429,0.1377,30,63,176,10,0,0,1,0.1064,10.64,19.76,5.06
2018,7556,Japan vs Senegal,2018-06-24,group,Japan,Senegal,2,2,D,368,99,14,0.544,0.1454,17,30,120,4,2,0,1,0.0815,8.15,26.9,3.72
2018,7556,Japan vs Senegal,2018-06-24,group,Senegal,Japan,2,2,D,285,100,14,0.5495,0.1333,12,33,88,10,0,2,6,0.1158,11.58,35.09,2.85
2018,7559,Saudi Arabia vs Egypt,2018-06-25,group,Saudi Arabia,Egypt,2,1,W,589,102,12,0.7727,0.1755,28,41,139,11,1,0,3,0.0696,6.96,17.32,5.77
2018,7559,Saudi Arabia vs Egypt,2018-06-25,group,Egypt,Saudi Arabia,1,2,L,292,99,14,0.544,0.1455,13,30,108,6,1,0,1,0.1027,10.27,33.9,2.95
