match_id,year,team,opponent,home_score,away_score,result,total_completed,pct_forward,pct_lateral,pct_backward,n_forward,n_lateral,n_backward
3857276,2022,Canada,Morocco,1,2,loss,480,54.0,9.8,36.2,259,47,174
3857276,2022,Morocco,Canada,1,2,win,310,50.3,9.0,40.6,156,28,126
3857271,2022,England,Iran,6,2,win,746,47.1,10.7,42.2,351,80,315
3857271,2022,Iran,England,6,2,loss,163,51.5,8.0,40.5,84,13,66
3857296,2022,Croatia,Belgium,0,0,draw,514,52.9,9.5,37.5,272,49,193
3857296,2022,Belgium,Croatia,0,0,draw,543,53.6,10.1,36.3,291,55,197
3857274,2022,Netherlands,Ecuador,1,1,draw,457,52.3,14.7,33.0,239,67,151
3857274,2022,Ecuador,Netherlands,1,1,draw,359,50.4,9.7,39.8,181,35,143
3857255,2022,Japan,Spain,2,1,win,177,59.3,7.9,32.8,105,14,58
3857255,2022,Spain,Japan,2,1,loss,993,46.1,12.9,41.0,458,128,407
3857272,2022,England,United States,0,0,draw,500,51.6,11.2,37.2,258,56,186
3857272,2022,United States,England,0,0,draw,377,50.1,12.7,37.1,189,48,140
3857278,2022,Iran,United States,0,1,loss,402,52.0,9.5,38.6,209,38,155
3857278,2022,United States,Iran,0,1,win,426,55.9,10.6,33.6,238,45,143
3857277,2022,Morocco,Croatia,0,0,draw,301,52.2,14.6,33.2,157,44,100
3857277,2022,Croatia,Morocco,0,0,draw,577,49.2,13.7,37.1,284,79,214
3857273,2022,Wales,Iran,0,2,loss,438,52.7,13.2,34.0,231,58,149
3857273,2022,Iran,Wales,0,2,win,227,61.2,9.7,29.1,139,22,66
3857275,2022,Tunisia,France,1,0,win,275,56.0,12.7,31.3,154,35,86
3857275,2022,France,Tunisia,1,0,loss,564,50.0,12.9,37.1,282,73,209
3857261,2022,Wales,England,0,3,loss,274,43.1,13.5,43.4,118,37,119
3857261,2022,England,Wales,0,3,win,553,47.4,13.6,39.1,262,75,216
3857290,2022,Switzerland,Cameroon,1,0,win,461,52.7,11.7,35.6,243,54,164
3857290,2022,Cameroon,Switzerland,1,0,loss,440,49.8,11.4,38.9,219,50,171
3857298,2022,Portugal,Ghana,3,2,win,576,51.9,11.8,36.3,299,68,209
3857298,2022,Ghana,Portugal,3,2,loss,336,51.5,10.4,38.1,173,35,128
3857285,2022,Senegal,Netherlands,0,2,loss,344,45.9,14.5,39.5,158,50,136
3857285,2022,Netherlands,Senegal,0,2,win,393,51.9,10.4,37.7,204,41,148
3857282,2022,United States,Wales,1,1,draw,520,52.3,10.0,37.7,272,52,196
3857282,2022,Wales,United States,1,1,draw,339,50.1,10.0,39.8,170,34,135
3857297,2022,Poland,Saudi Arabia,2,0,win,259,56.0,10.0,34.0,145,26,88
3857297,2022,Saudi Arabia,Poland,2,0,loss,489,47.9,11.9,40.3,234,58,197
3857294,2022,Netherlands,Qatar,2,0,win,747,53.5,10.2,36.3,400,76,271
3857294,2022,Qatar,Netherlands,2,0,loss,396,44.4,11.9,43.7,176,47,173
3857266,2022,France,Denmark,2,1,win,464,51.7,9.7,38.6,240,45,179
3857266,2022,Denmark,France,2,1,loss,479,49.7,13.6,36.7,238,65,176
3857284,2022,Germany,Japan,1,2,loss,723,50.9,11.3,37.8,368,82,273
3857284,2022,Japan,Germany,1,2,win,215,54.9,11.6,33.5,118,25,72
3857254,2022,Denmark,Tunisia,0,0,draw,544,51.7,11.6,36.8,281,63,200
3857254,2022,Tunisia,Denmark,0,0,draw,315,46.7,10.5,42.9,147,33,135
3857265,2022,Mexico,Poland,0,0,draw,437,55.6,10.5,33.9,243,46,148
3857265,2022,Poland,Mexico,0,0,draw,259,52.9,12.7,34.4,137,33,89
3857301,2022,Qatar,Senegal,1,3,loss,362,49.7,11.3,39.0,180,41,141
3857301,2022,Senegal,Qatar,1,3,win,462,49.1,9.3,41.6,227,43,192
3857268,2022,Belgium,Canada,1,0,win,451,49.2,14.6,36.1,222,66,163
3857268,2022,Canada,Belgium,1,0,loss,401,56.1,10.2,33.7,225,41,135
3857269,2022,Brazil,Switzerland,1,0,win,507,45.6,18.5,35.9,231,94,182
3857269,2022,Switzerland,Brazil,1,0,loss,428,48.1,13.8,38.1,206,59,163
3869321,2022,Netherlands,Argentina,2,2,draw,572,53.7,11.4,35.0,307,65,200
3869321,2022,Argentina,Netherlands,2,2,draw,531,49.5,11.5,39.0,263,61,207
3857292,2022,Costa Rica,Germany,2,4,loss,284,55.3,14.1,30.6,157,40,87
3857292,2022,Germany,Costa Rica,2,4,win,669,54.7,13.0,32.3,366,87,216
3857295,2022,Japan,Costa Rica,0,1,loss,527,52.6,11.8,35.7,277,62,188
3857295,2022,Costa Rica,Japan,0,1,win,374,45.5,13.6,40.9,170,51,153
3869685,2022,Argentina,France,3,3,draw,560,52.7,9.8,37.5,295,55,210
3869685,2022,France,Argentina,3,3,draw,434,49.8,10.4,39.9,216,45,173
3869684,2022,Croatia,Morocco,2,1,win,439,53.3,11.2,35.5,234,49,156
3869684,2022,Morocco,Croatia,2,1,loss,431,53.4,13.0,33.6,230,56,145
3857256,2022,Serbia,Switzerland,2,3,loss,407,50.9,15.2,33.9,207,62,138
3857256,2022,Switzerland,Serbia,2,3,win,346,54.9,11.0,34.1,190,38,118
3869151,2022,Argentina,Australia,2,1,win,646,46.4,15.5,38.1,300,100,246
3869151,2022,Australia,Argentina,2,1,loss,384,49.7,11.5,38.8,191,44,149
3857257,2022,Australia,Denmark,1,0,win,219,59.8,7.3,32.9,131,16,72
3857257,2022,Denmark,Australia,1,0,loss,590,50.5,11.7,37.8,298,69,223
3857258,2022,Brazil,Serbia,2,0,win,539,52.3,11.3,36.4,282,61,196
3857258,2022,Serbia,Brazil,2,0,loss,351,51.0,8.8,40.2,179,31,141
3857288,2022,Tunisia,Australia,0,1,loss,406,51.2,12.3,36.5,208,50,148
3857288,2022,Australia,Tunisia,0,1,win,274,53.3,12.8,33.9,146,35,93
3857267,2022,Ecuador,Senegal,1,2,loss,362,47.2,11.6,41.2,171,42,149
3857267,2022,Senegal,Ecuador,1,2,win,213,58.7,7.5,33.8,125,16,72
3857287,2022,Uruguay,South Korea,0,0,draw,475,48.2,11.4,40.4,229,54,192
3857287,2022,South Korea,Uruguay,0,0,draw,351,46.7,10.8,42.5,164,38,149
3869486,2022,Morocco,Portugal,1,0,win,184,65.2,10.3,24.5,120,19,45
3869486,2022,Portugal,Morocco,1,0,loss,616,50.5,12.5,37.0,311,77,228
3857260,2022,Saudi Arabia,Mexico,1,2,loss,194,63.9,7.2,28.9,124,14,56
3857260,2022,Mexico,Saudi Arabia,1,2,win,367,57.5,10.9,31.6,211,40,116
3857264,2022,Poland,Argentina,0,2,loss,267,45.3,15.4,39.3,121,41,105
3857264,2022,Argentina,Poland,0,2,win,826,46.7,10.5,42.7,386,87,353
3857289,2022,Argentina,Mexico,2,0,win,476,50.6,10.1,39.3,241,48,187
3857289,2022,Mexico,Argentina,2,0,loss,304,49.3,9.9,40.8,150,30,124
3869254,2022,Portugal,Switzerland,6,1,win,404,46.3,14.4,39.4,187,58,159
3869254,2022,Switzerland,Portugal,6,1,loss,438,47.7,12.6,39.7,209,55,174
3869118,2022,England,Senegal,3,0,win,536,48.5,10.4,41.0,260,56,220
3869118,2022,Senegal,England,3,0,loss,323,44.9,12.7,42.4,145,41,137
3869519,2022,Argentina,Croatia,3,0,win,358,50.6,13.4,36.0,181,48,129
3869519,2022,Croatia,Argentina,3,0,loss,559,53.1,12.7,34.2,297,71,191
3869354,2022,England,France,1,2,loss,465,49.7,11.4,38.9,231,53,181
3869354,2022,France,England,1,2,win,328,47.3,13.4,39.3,155,44,129
3869552,2022,France,Morocco,2,0,win,316,48.4,13.0,38.6,153,41,122
3869552,2022,Morocco,France,2,0,loss,529,52.4,13.8,33.8,277,73,179
3869420,2022,Croatia,Brazil,1,1,draw,639,52.9,11.6,35.5,338,74,227
3869420,2022,Brazil,Croatia,1,1,draw,652,53.7,11.3,35.0,350,74,228
3869220,2022,Morocco,Spain,0,0,draw,250,55.6,10.4,34.0,139,26,85
3869220,2022,Spain,Morocco,0,0,draw,960,46.5,16.0,37.5,446,154,360
3869219,2022,Japan,Croatia,1,1,draw,436,51.6,9.9,38.5,225,43,168
3869219,2022,Croatia,Japan,1,1,draw,657,53.6,12.0,34.4,352,79,226
3869253,2022,Brazil,South Korea,4,1,win,566,49.3,12.7,38.0,279,72,215
3869253,2022,South Korea,Brazil,4,1,loss,476,47.7,13.0,39.3,227,62,187
3869152,2022,France,Poland,3,1,win,505,48.9,10.1,41.0,247,51,207
3869152,2022,Poland,France,3,1,loss,406,52.2,11.3,36.5,212,46,148
3869117,2022,Netherlands,United States,3,1,win,332,54.8,10.2,34.9,182,34,116
3869117,2022,United States,Netherlands,3,1,loss,499,47.1,13.8,39.1,235,69,195
3857270,2022,Portugal,Uruguay,2,0,win,525,46.9,12.6,40.6,246,66,213
3857270,2022,Uruguay,Portugal,2,0,loss,324,55.2,10.5,34.3,179,34,111
3857263,2022,Spain,Germany,1,1,draw,578,48.3,11.6,40.1,279,67,232
3857263,2022,Germany,Spain,1,1,draw,291,49.1,14.4,36.4,143,42,106
3857259,2022,Cameroon,Serbia,3,3,draw,276,53.3,6.5,40.2,147,18,111
3857259,2022,Serbia,Cameroon,3,3,draw,428,57.7,8.2,34.1,247,35,146
3857283,2022,Belgium,Morocco,0,2,loss,604,52.5,13.4,34.1,317,81,206
3857283,2022,Morocco,Belgium,0,2,win,287,49.5,12.5,38.0,142,36,109
3857286,2022,Qatar,Ecuador,0,2,loss,382,45.0,14.7,40.3,172,56,154
3857286,2022,Ecuador,Qatar,0,2,win,432,49.8,11.1,39.1,215,48,169
3857300,2022,Argentina,Saudi Arabia,1,2,loss,542,48.0,15.5,36.5,260,84,198
3857300,2022,Saudi Arabia,Argentina,1,2,win,197,50.8,14.2,35.0,100,28,69
3857299,2022,South Korea,Ghana,2,3,loss,499,49.9,12.4,37.7,249,62,188
3857299,2022,Ghana,South Korea,2,3,win,266,51.5,12.8,35.7,137,34,95
3857293,2022,Ghana,Uruguay,0,2,loss,384,54.7,9.4,35.9,210,36,138
3857293,2022,Uruguay,Ghana,0,2,win,364,55.8,11.0,33.2,203,40,121
3857291,2022,Spain,Costa Rica,7,0,win,1009,47.7,11.9,40.4,481,120,408
3857291,2022,Costa Rica,Spain,7,0,loss,172,53.5,6.4,40.1,92,11,69
3857281,2022,Croatia,Canada,4,1,win,411,56.0,9.7,34.3,230,40,141
3857281,2022,Canada,Croatia,4,1,loss,437,52.4,10.3,37.3,229,45,163
3857280,2022,Cameroon,Brazil,1,0,win,254,56.3,8.3,35.4,143,21,90
3857280,2022,Brazil,Cameroon,1,0,loss,512,52.9,13.1,34.0,271,67,174
3857279,2022,France,Australia,4,1,win,680,47.5,11.9,40.6,323,81,276
3857279,2022,Australia,France,4,1,loss,394,48.7,9.6,41.6,192,38,164
3857262,2022,South Korea,Portugal,2,1,win,309,52.1,9.1,38.8,161,28,120
3857262,2022,Portugal,South Korea,2,1,loss,534,48.3,9.6,42.1,258,51,225
8650,2018,Brazil,Belgium,1,2,loss,459,56.0,15.5,28.5,257,71,131
8650,2018,Belgium,Brazil,1,2,win,310,46.1,14.2,39.7,143,44,123
7584,2018,Belgium,Japan,3,2,win,524,48.7,16.8,34.5,255,88,181
7584,2018,Japan,Belgium,3,2,loss,363,47.4,13.8,38.8,172,50,141
7554,2018,England,Panama,6,1,win,552,46.0,21.4,32.6,254,118,180
7554,2018,Panama,England,6,1,loss,349,49.9,9.7,40.4,174,34,141
7539,2018,Poland,Senegal,1,2,loss,482,49.4,19.1,31.5,238,92,152
7539,2018,Senegal,Poland,1,2,win,286,47.6,13.3,39.2,136,38,112
7550,2018,Serbia,Switzerland,1,2,loss,263,59.7,11.4,28.9,157,30,76
7550,2018,Switzerland,Serbia,1,2,win,467,49.0,13.7,37.3,229,64,174
7538,2018,Sweden,South Korea,1,0,win,371,51.5,11.6,36.9,191,43,137
7538,2018,South Korea,Sweden,1,0,loss,289,53.3,13.8,32.9,154,40,95
7534,2018,Germany,Mexico,0,1,loss,521,55.1,10.4,34.5,287,54,180
7534,2018,Mexico,Germany,0,1,win,247,53.4,8.9,37.7,132,22,93
7543,2018,Iran,Spain,0,1,loss,158,53.8,13.3,32.9,85,21,52
7543,2018,Spain,Iran,0,1,win,719,51.7,16.4,31.8,372,118,229
7544,2018,Uruguay,Saudi Arabia,1,0,win,429,53.6,13.3,33.1,230,57,142
7544,2018,Saudi Arabia,Uruguay,1,0,loss,499,43.9,22.0,34.1,219,110,170
7546,2018,France,Peru,1,0,win,332,54.5,16.3,29.2,181,54,97
7546,2018,Peru,France,1,0,loss,436,50.9,13.3,35.8,222,58,156
7545,2018,Argentina,Croatia,0,3,loss,413,38.7,21.1,40.2,160,87,166
7545,2018,Croatia,Argentina,0,3,win,274,52.9,15.3,31.8,145,42,87
7585,2018,Colombia,England,1,1,draw,429,53.8,13.1,33.1,231,56,142
7585,2018,England,Colombia,1,1,draw,477,54.3,9.9,35.8,259,47,171
7569,2018,Panama,Tunisia,1,2,loss,202,54.5,11.9,33.7,110,24,68
7569,2018,Tunisia,Panama,1,2,win,547,49.4,15.2,35.5,270,83,194
7572,2018,Japan,Poland,0,1,loss,491,49.3,15.3,35.4,242,75,174
7572,2018,Poland,Japan,0,1,win,400,50.0,13.2,36.8,200,53,147
7561,2018,Iceland,Croatia,1,2,loss,224,56.2,9.4,34.4,126,21,77
7561,2018,Croatia,Iceland,1,2,win,451,47.9,16.4,35.7,216,74,161
7540,2018,Russia,Egypt,3,1,win,321,49.8,15.9,34.3,160,51,110
7540,2018,Egypt,Russia,3,1,loss,360,49.4,18.9,31.7,178,68,114
7531,2018,Argentina,Iceland,1,1,draw,694,48.1,17.0,34.9,334,118,242
7531,2018,Iceland,Argentina,1,1,draw,137,55.5,12.4,32.1,76,17,44
7570,2018,England,Belgium,0,1,loss,432,51.6,11.6,36.8,223,50,159
7570,2018,Belgium,England,0,1,win,487,50.1,10.7,39.2,244,52,191
7586,2018,Sweden,Switzerland,1,0,win,202,57.4,12.4,30.2,116,25,61
7586,2018,Switzerland,Sweden,1,0,loss,510,47.8,15.1,37.1,244,77,189
7557,2018,Iran,Portugal,1,1,draw,154,59.7,11.0,29.2,92,17,45
7557,2018,Portugal,Iran,1,1,draw,534,45.3,17.6,37.1,242,94,198
7542,2018,Portugal,Morocco,1,0,win,281,54.1,11.4,34.5,152,32,97
7542,2018,Morocco,Portugal,1,0,loss,382,55.0,11.3,33.8,210,43,129
8656,2018,Croatia,England,2,1,win,492,56.7,12.2,31.1,279,60,153
8656,2018,England,Croatia,2,1,loss,403,50.9,9.9,39.2,205,40,158
7548,2018,Brazil,Costa Rica,2,0,win,661,55.4,13.9,30.7,366,92,203
7548,2018,Costa Rica,Brazil,2,0,loss,205,48.8,14.1,37.1,100,29,76
7578,2018,Egypt,Uruguay,0,1,loss,344,50.0,15.4,34.6,172,53,119
7578,2018,Uruguay,Egypt,0,1,win,513,52.2,13.6,34.1,268,70,175
7553,2018,South Korea,Mexico,1,2,loss,279,48.0,18.3,33.7,134,51,94
7553,2018,Mexico,South Korea,1,2,win,422,51.4,11.8,36.7,217,50,155
7536,2018,Belgium,Panama,3,0,win,513,51.3,17.9,30.8,263,92,158
7536,2018,Panama,Belgium,3,0,loss,284,52.1,13.0,34.9,148,37,99
7555,2018,Poland,Colombia,0,3,loss,340,50.6,13.8,35.6,172,47,121
7555,2018,Colombia,Poland,0,3,win,427,52.7,13.6,33.7,225,58,144
7576,2018,Portugal,Spain,3,3,draw,318,50.9,11.3,37.7,162,36,120
7576,2018,Spain,Portugal,3,3,draw,714,45.0,17.6,37.4,321,126,267
7565,2018,Serbia,Brazil,0,2,loss,337,54.0,13.6,32.3,182,46,109
7565,2018,Brazil,Serbia,0,2,win,553,45.4,19.7,34.9,251,109,193
7551,2018,Germany,Sweden,2,1,win,619,49.1,14.7,36.2,304,91,224
7551,2018,Sweden,Germany,2,1,loss,164,56.7,8.5,34.8,93,14,57
7537,2018,Tunisia,England,1,2,loss,285,45.6,20.0,34.4,130,57,98
7537,2018,England,Tunisia,1,2,win,484,48.8,15.1,36.2,236,73,175
7580,2018,France,Argentina,4,3,win,283,55.1,12.7,32.2,156,36,91
7580,2018,Argentina,France,4,3,loss,448,52.2,11.4,36.4,234,51,163
7581,2018,Croatia,Denmark,1,1,draw,517,53.2,13.0,33.8,275,67,175
7581,2018,Denmark,Croatia,1,1,draw,445,49.4,10.3,40.2,220,46,179
7549,2018,Nigeria,Iceland,2,0,win,413,50.8,11.1,38.0,210,46,157
7549,2018,Iceland,Nigeria,2,0,loss,224,58.5,10.3,31.2,131,23,70
7529,2018,Croatia,Nigeria,2,0,win,389,49.1,15.4,35.5,191,60,138
7529,2018,Nigeria,Croatia,2,0,loss,319,52.4,12.2,35.4,167,39,113
7562,2018,Australia,Peru,0,2,loss,489,55.0,11.7,33.3,269,57,163
7562,2018,Peru,Australia,0,2,win,341,54.0,12.6,33.4,184,43,114
7571,2018,Senegal,Colombia,0,1,loss,234,51.7,13.7,34.6,121,32,81
7571,2018,Colombia,Senegal,0,1,win,358,55.3,12.0,32.7,198,43,117
7568,2018,Switzerland,Costa Rica,2,2,draw,502,50.2,13.5,36.3,252,68,182
7568,2018,Costa Rica,Switzerland,2,2,draw,280,55.7,13.6,30.7,156,38,86
7530,2018,France,Australia,2,1,win,445,56.4,11.5,32.1,251,51,143
7530,2018,Australia,France,2,1,loss,342,50.9,11.4,37.7,174,39,129
7558,2018,Uruguay,Russia,3,0,win,436,53.7,12.6,33.7,234,55,147
7558,2018,Russia,Uruguay,3,0,loss,290,49.7,11.7,38.6,144,34,112
7583,2018,Brazil,Mexico,2,0,win,330,52.1,15.5,32.4,172,51,107
7583,2018,Mexico,Brazil,2,0,loss,353,52.4,10.2,37.4,185,36,132
7547,2018,Denmark,Australia,1,1,draw,396,51.5,13.1,35.4,204,52,140
7547,2018,Australia,Denmark,1,1,draw,442,51.4,10.6,38.0,227,47,168
7535,2018,Costa Rica,Serbia,0,1,loss,376,47.1,19.4,33.5,177,73,126
7535,2018,Serbia,Costa Rica,0,1,win,335,53.4,14.6,31.9,179,49,107
8649,2018,Uruguay,France,0,2,loss,217,57.6,14.3,28.1,125,31,61
8649,2018,France,Uruguay,0,2,win,445,50.3,13.7,36.0,224,61,160
8658,2018,France,Croatia,4,2,win,202,54.5,11.4,34.2,110,23,69
8658,2018,Croatia,France,4,2,loss,448,53.3,12.7,33.9,239,57,152
7582,2018,Spain,Russia,1,1,draw,1026,48.9,13.5,37.5,502,139,385
7582,2018,Russia,Spain,1,1,draw,215,57.7,10.2,32.1,124,22,69
7552,2018,Belgium,Tunisia,5,2,win,392,55.6,15.1,29.3,218,59,115
7552,2018,Tunisia,Belgium,5,2,loss,374,51.9,16.3,31.8,194,61,119
7532,2018,Peru,Denmark,0,1,loss,347,55.0,15.9,29.1,191,55,101
7532,2018,Denmark,Peru,0,1,win,302,54.3,13.2,32.5,164,40,98
7560,2018,Spain,Morocco,2,2,draw,675,47.0,14.5,38.5,317,98,260
7560,2018,Morocco,Spain,2,2,draw,187,48.1,12.8,39.0,90,24,73
7533,2018,Brazil,Switzerland,1,1,draw,473,55.2,15.0,29.8,261,71,141
7533,2018,Switzerland,Brazil,1,1,draw,363,51.2,17.1,31.7,186,62,115
7564,2018,Nigeria,Argentina,1,2,loss,210,51.9,17.6,30.5,109,37,64
7564,2018,Argentina,Nigeria,1,2,win,479,48.9,14.4,36.7,234,69,176
7579,2018,Uruguay,Portugal,2,1,win,190,63.7,8.4,27.9,121,16,53
7579,2018,Portugal,Uruguay,2,1,loss,486,56.0,11.5,32.5,272,56,158
7577,2018,Morocco,Iran,0,1,loss,397,50.6,18.9,30.5,201,75,121
7577,2018,Iran,Morocco,0,1,win,144,54.2,12.5,33.3,78,18,48
7525,2018,Russia,Saudi Arabia,5,0,win,272,50.7,12.1,37.1,138,33,101
7525,2018,Saudi Arabia,Russia,5,0,loss,458,45.4,16.8,37.8,208,77,173
7566,2018,Mexico,Sweden,0,3,loss,404,50.7,13.6,35.6,205,55,144
7566,2018,Sweden,Mexico,0,3,win,152,57.9,15.1,27.0,88,23,41
8651,2018,Sweden,England,0,2,loss,291,55.0,8.9,36.1,160,26,105
8651,2018,England,Sweden,0,2,win,426,45.8,15.0,39.2,195,64,167
7567,2018,South Korea,Germany,2,0,win,184,58.7,14.1,27.2,108,26,50
7567,2018,Germany,South Korea,2,0,loss,631,51.7,14.7,33.6,326,93,212
7541,2018,Colombia,Japan,1,2,loss,314,53.5,14.0,32.5,168,44,102
7541,2018,Japan,Colombia,1,2,win,530,47.9,14.5,37.5,254,77,199
8655,2018,France,Belgium,1,0,win,301,53.2,15.6,31.2,160,47,94
8655,2018,Belgium,France,1,0,loss,549,50.1,12.4,37.5,275,68,206
8657,2018,Belgium,England,2,0,win,427,51.1,16.2,32.8,218,69,140
8657,2018,England,Belgium,2,0,loss,619,49.3,17.1,33.6,305,106,208
8652,2018,Russia,Croatia,2,2,draw,266,56.8,9.8,33.5,151,26,89
8652,2018,Croatia,Russia,2,2,draw,607,49.6,13.5,36.9,301,82,224
7563,2018,Denmark,France,0,0,draw,236,42.4,17.4,40.3,100,41,95
7563,2018,France,Denmark,0,0,draw,592,54.7,13.2,32.1,324,78,190
7556,2018,Japan,Senegal,2,2,draw,368,53.0,13.9,33.2,195,51,122
7556,2018,Senegal,Japan,2,2,draw,285,51.9,14.4,33.7,148,41,96
7559,2018,Saudi Arabia,Egypt,2,1,win,589,47.4,21.7,30.9,279,128,182
7559,2018,Egypt,Saudi Arabia,2,1,loss,292,55.1,12.0,32.9,161,35,96
