match_id,team,num_players,num_edges,network_density,total_completed_passes,unique_passing_connections
3857254,Denmark,15,124,0.5904761904761905,544,124
3857254,Tunisia,16,97,0.4041666666666667,315,97
3857255,Spain,16,128,0.5333333333333333,993,128
3857255,Japan,15,89,0.4238095238095238,177,89
3857256,Switzerland,15,108,0.5142857142857142,346,108
3857256,Serbia,16,125,0.5208333333333334,407,125
3857257,Denmark,16,145,0.6041666666666666,590,145
3857257,Australia,15,92,0.4380952380952381,219,92
3857258,Brazil,16,125,0.5208333333333334,539,125
3857258,Serbia,16,135,0.5625,351,135
3857259,Serbia,16,136,0.5666666666666667,428,136
3857259,Cameroon,16,116,0.48333333333333334,276,116
3857260,Mexico,16,110,0.4583333333333333,367,110
3857260,Saudi Arabia,15,99,0.4714285714285714,194,99
3857261,Wales,16,114,0.475,274,114
3857261,England,16,138,0.575,553,138
3857262,South Korea,14,110,0.6043956043956044,309,110
3857262,Portugal,16,137,0.5708333333333333,534,137
3857263,Spain,15,126,0.6,578,126
3857263,Germany,16,107,0.44583333333333336,291,107
3857264,Poland,16,106,0.44166666666666665,267,106
3857264,Argentina,16,154,0.6416666666666667,826,154
3857265,Mexico,14,114,0.6263736263736264,437,114
3857265,Poland,14,98,0.5384615384615384,259,98
3857266,Denmark,15,115,0.5476190476190477,479,115
3857266,France,15,118,0.5619047619047619,464,118
3857267,Ecuador,15,101,0.48095238095238096,362,101
3857267,Senegal,13,98,0.6282051282051282,213,98
3857268,Canada,16,129,0.5375,401,129
3857268,Belgium,15,119,0.5666666666666667,451,119
3857269,Switzerland,16,116,0.48333333333333334,428,116
3857269,Brazil,16,135,0.5625,507,135
3857270,Uruguay,16,130,0.5416666666666666,324,130
3857270,Portugal,16,136,0.5666666666666667,525,136
3857271,Iran,17,95,0.3492647058823529,163,95
3857271,England,16,142,0.5916666666666667,746,142
3857272,England,14,113,0.6208791208791209,500,113
3857272,United States,15,106,0.5047619047619047,377,106
3857273,Wales,15,112,0.5333333333333333,438,112
3857273,Iran,16,101,0.42083333333333334,227,101
3857274,Ecuador,14,97,0.532967032967033,359,97
3857274,Netherlands,15,110,0.5238095238095238,457,110
3857275,Tunisia,14,87,0.47802197802197804,275,87
3857275,France,16,150,0.625,564,150
3857276,Morocco,16,100,0.4166666666666667,310,100
3857276,Canada,16,140,0.5833333333333334,480,140
3857277,Morocco,15,96,0.45714285714285713,301,96
3857277,Croatia,15,126,0.6,577,126
3857278,Iran,16,130,0.5416666666666666,402,130
3857278,United States,16,123,0.5125,426,123
3857279,France,15,127,0.6047619047619047,680,127
3857279,Australia,16,115,0.4791666666666667,394,115
3857280,Brazil,16,138,0.575,512,138
3857280,Cameroon,14,90,0.4945054945054945,254,90
3857281,Croatia,16,108,0.45,411,108
3857281,Canada,16,145,0.6041666666666666,437,145
3857282,United States,16,133,0.5541666666666667,520,133
3857282,Wales,15,111,0.5285714285714286,339,111
3857283,Belgium,16,124,0.5166666666666667,604,124
3857283,Morocco,16,107,0.44583333333333336,287,107
3857284,Germany,16,125,0.5208333333333334,723,125
3857284,Japan,16,93,0.3875,215,93
3857285,Netherlands,14,101,0.554945054945055,393,101
3857285,Senegal,15,112,0.5333333333333333,344,112
3857286,Qatar,13,93,0.5961538461538461,382,93
3857286,Ecuador,15,108,0.5142857142857142,432,108
3857287,South Korea,14,109,0.5989010989010989,351,109
3857287,Uruguay,15,115,0.5476190476190477,475,115
3857288,Australia,16,103,0.42916666666666664,274,103
3857288,Tunisia,15,128,0.6095238095238096,406,128
3857289,Mexico,15,99,0.4714285714285714,304,99
3857289,Argentina,16,125,0.5208333333333334,476,125
3857290,Switzerland,16,130,0.5416666666666666,461,130
3857290,Cameroon,15,121,0.5761904761904761,440,121
3857291,Spain,16,148,0.6166666666666667,1009,148
3857291,Costa Rica,16,106,0.44166666666666665,172,106
3857292,Germany,16,146,0.6083333333333333,669,146
3857292,Costa Rica,16,110,0.4583333333333333,284,110
3857293,Uruguay,16,126,0.525,364,126
3857293,Ghana,16,111,0.4625,384,111
3857294,Netherlands,16,141,0.5875,747,141
3857294,Qatar,16,124,0.5166666666666667,396,124
3857295,Costa Rica,14,98,0.5384615384615384,374,98
3857295,Japan,16,117,0.4875,527,117
3857296,Croatia,14,108,0.5934065934065934,514,108
3857296,Belgium,16,140,0.5833333333333334,543,140
3857297,Poland,13,101,0.6474358974358975,259,101
3857297,Saudi Arabia,16,134,0.5583333333333333,489,134
3857298,Portugal,16,131,0.5458333333333333,576,131
3857298,Ghana,16,114,0.475,336,114
3857299,South Korea,15,119,0.5666666666666667,499,119
3857299,Ghana,15,87,0.4142857142857143,266,87
3857300,Saudi Arabia,15,89,0.4238095238095238,197,89
3857300,Argentina,15,124,0.5904761904761905,542,124
3857301,Qatar,15,120,0.5714285714285714,362,120
3857301,Senegal,16,120,0.5,462,120
3869117,Netherlands,15,111,0.5285714285714286,332,111
3869117,United States,16,134,0.5583333333333333,499,134
3869118,Senegal,16,119,0.49583333333333335,323,119
3869118,England,16,129,0.5375,536,129
3869151,Australia,16,115,0.4791666666666667,384,115
3869151,Argentina,16,133,0.5541666666666667,646,133
3869152,France,15,123,0.5857142857142857,505,123
3869152,Poland,16,111,0.4625,406,111
3869219,Croatia,17,136,0.5,657,136
3869219,Japan,16,131,0.5458333333333333,436,131
3869220,Spain,17,142,0.5220588235294118,960,142
3869220,Morocco,16,101,0.42083333333333334,250,101
3869253,South Korea,15,142,0.6761904761904762,476,142
3869253,Brazil,16,129,0.5375,566,129
3869254,Switzerland,16,134,0.5583333333333333,438,134
3869254,Portugal,16,138,0.575,404,138
3869321,Netherlands,16,144,0.6,572,144
3869321,Argentina,17,147,0.5404411764705882,531,147
3869354,France,12,87,0.6590909090909091,328,87
3869354,England,14,102,0.5604395604395604,465,102
3869420,Croatia,15,121,0.5761904761904761,639,121
3869420,Brazil,16,129,0.5375,652,129
3869486,Portugal,16,128,0.5333333333333333,616,128
3869486,Morocco,14,85,0.46703296703296704,184,85
3869519,Croatia,16,140,0.5833333333333334,559,140
3869519,Argentina,16,121,0.5041666666666667,358,121
3869552,Morocco,16,117,0.4875,529,117
3869552,France,13,97,0.6217948717948718,316,97
3869684,Croatia,14,112,0.6153846153846154,439,112
3869684,Morocco,16,144,0.6,431,144
3869685,France,17,143,0.5257352941176471,434,143
3869685,Argentina,17,129,0.4742647058823529,560,129
7525,Saudi Arabia,14,97,0.532967032967033,458,97
7525,Russia,14,114,0.6263736263736264,272,114
7529,Nigeria,13,94,0.6025641025641025,319,94
7529,Croatia,14,113,0.6208791208791209,389,113
7530,Australia,14,86,0.4725274725274725,342,86
7530,France,14,114,0.6263736263736264,445,114
7531,Iceland,14,87,0.47802197802197804,137,87
7531,Argentina,14,125,0.6868131868131868,694,125
7532,Denmark,14,99,0.5439560439560439,302,99
7532,Peru,14,100,0.5494505494505495,347,100
7533,Brazil,14,119,0.6538461538461539,473,119
7533,Switzerland,13,89,0.5705128205128205,363,89
7534,Mexico,14,99,0.5439560439560439,247,99
7534,Germany,14,113,0.6208791208791209,521,113
7535,Serbia,14,88,0.4835164835164835,335,88
7535,Costa Rica,14,117,0.6428571428571429,376,117
7536,Panama,14,98,0.5384615384615384,284,98
7536,Belgium,14,109,0.5989010989010989,513,109
7537,England,13,114,0.7307692307692307,484,114
7537,Tunisia,14,91,0.5,285,91
7538,South Korea,14,111,0.6098901098901099,289,111
7538,Sweden,14,93,0.510989010989011,371,93
7539,Senegal,14,97,0.532967032967033,286,97
7539,Poland,14,102,0.5604395604395604,482,102
7540,Egypt,14,109,0.5989010989010989,360,109
7540,Russia,14,102,0.5604395604395604,321,102
7541,Japan,14,112,0.6153846153846154,530,112
7541,Colombia,14,108,0.5934065934065934,314,108
7542,Morocco,14,114,0.6263736263736264,382,114
7542,Portugal,14,109,0.5989010989010989,281,109
7543,Spain,14,118,0.6483516483516484,719,118
7543,Iran,14,84,0.46153846153846156,158,84
7544,Saudi Arabia,14,115,0.6318681318681318,499,115
7544,Uruguay,14,116,0.6373626373626373,429,116
7545,Croatia,14,88,0.4835164835164835,274,88
7545,Argentina,14,115,0.6318681318681318,413,115
7546,France,13,91,0.5833333333333334,332,91
7546,Peru,14,110,0.6043956043956044,436,110
7547,Denmark,13,96,0.6153846153846154,396,96
7547,Australia,14,110,0.6043956043956044,442,110
7548,Costa Rica,14,88,0.4835164835164835,205,88
7548,Brazil,14,128,0.7032967032967034,661,128
7549,Nigeria,14,107,0.5879120879120879,413,107
7549,Iceland,14,92,0.5054945054945055,224,92
7550,Switzerland,13,102,0.6538461538461539,467,102
7550,Serbia,13,94,0.6025641025641025,263,94
7551,Sweden,14,80,0.43956043956043955,164,80
7551,Germany,14,121,0.6648351648351648,619,121
7552,Belgium,14,111,0.6098901098901099,392,111
7552,Tunisia,14,117,0.6428571428571429,374,117
7553,South Korea,14,111,0.6098901098901099,279,111
7553,Mexico,14,110,0.6043956043956044,422,110
7554,England,14,116,0.6373626373626373,552,116
7554,Panama,14,108,0.5934065934065934,349,108
7555,Poland,14,107,0.5879120879120879,340,107
7555,Colombia,14,117,0.6428571428571429,427,117
7556,Japan,14,99,0.5439560439560439,368,99
7556,Senegal,14,100,0.5494505494505495,285,100
7557,Portugal,14,102,0.5604395604395604,534,102
7557,Iran,14,83,0.45604395604395603,154,83
7558,Russia,14,106,0.5824175824175825,290,106
7558,Uruguay,14,102,0.5604395604395604,436,102
7559,Egypt,14,99,0.5439560439560439,292,99
7559,Saudi Arabia,13,102,0.6538461538461539,589,102
7560,Spain,14,113,0.6208791208791209,675,113
7560,Morocco,14,92,0.5054945054945055,187,92
7561,Iceland,14,88,0.4835164835164835,224,88
7561,Croatia,14,98,0.5384615384615384,451,98
7562,Peru,14,117,0.6428571428571429,341,117
7562,Australia,14,109,0.5989010989010989,489,109
7563,France,14,117,0.6428571428571429,592,117
7563,Denmark,13,94,0.6025641025641025,236,94
7564,Nigeria,14,88,0.4835164835164835,210,88
7564,Argentina,13,104,0.6666666666666666,479,104
7565,Brazil,14,120,0.6593406593406593,553,120
7565,Serbia,13,99,0.6346153846153846,337,99
7566,Sweden,14,78,0.42857142857142855,152,78
7566,Mexico,14,117,0.6428571428571429,404,117
7567,Germany,14,124,0.6813186813186813,631,124
7567,South Korea,14,91,0.5,184,91
7568,Switzerland,14,110,0.6043956043956044,502,110
7568,Costa Rica,14,95,0.521978021978022,280,95
7569,Panama,14,89,0.489010989010989,202,89
7569,Tunisia,14,115,0.6318681318681318,547,115
7570,England,13,110,0.7051282051282052,432,110
7570,Belgium,13,101,0.6474358974358975,487,101
7571,Senegal,14,81,0.44505494505494503,234,81
7571,Colombia,14,98,0.5384615384615384,358,98
7572,Poland,13,102,0.6538461538461539,400,102
7572,Japan,14,109,0.5989010989010989,491,109
7576,Spain,14,126,0.6923076923076923,714,126
7576,Portugal,14,104,0.5714285714285714,318,104
7577,Morocco,14,105,0.5769230769230769,397,105
7577,Iran,14,74,0.4065934065934066,144,74
7578,Uruguay,14,119,0.6538461538461539,513,119
7578,Egypt,14,106,0.5824175824175825,344,106
7579,Portugal,14,116,0.6373626373626373,486,116
7579,Uruguay,14,94,0.5164835164835165,190,94
7580,France,14,88,0.4835164835164835,283,88
7580,Argentina,14,117,0.6428571428571429,448,117
7581,Denmark,15,138,0.6571428571428571,445,138
7581,Croatia,15,115,0.5476190476190477,517,115
7582,Spain,15,134,0.638095238095238,1026,134
7582,Russia,15,96,0.45714285714285713,215,96
7583,Mexico,14,113,0.6208791208791209,353,113
7583,Brazil,14,100,0.5494505494505495,330,100
7584,Belgium,13,110,0.7051282051282052,524,110
7584,Japan,13,99,0.6346153846153846,363,99
7585,Colombia,15,125,0.5952380952380952,429,125
7585,England,15,131,0.6238095238095238,477,131
7586,Sweden,14,84,0.46153846153846156,202,84
7586,Switzerland,13,102,0.6538461538461539,510,102
8649,Uruguay,14,96,0.5274725274725275,217,96
8649,France,14,99,0.5439560439560439,445,99
8650,Brazil,14,114,0.6263736263736264,459,114
8650,Belgium,13,93,0.5961538461538461,310,93
8651,Sweden,14,100,0.5494505494505495,291,100
8651,England,14,107,0.5879120879120879,426,107
8652,Croatia,15,144,0.6857142857142857,607,144
8652,Russia,15,119,0.5666666666666667,266,119
8655,France,13,85,0.5448717948717948,301,85
8655,Belgium,13,103,0.6602564102564102,549,103
8656,England,15,122,0.580952380952381,403,122
8656,Croatia,14,107,0.5879120879120879,492,107
8657,Belgium,14,113,0.6208791208791209,427,113
8657,England,14,128,0.7032967032967034,619,128
8658,Croatia,13,98,0.6282051282051282,448,98
8658,France,14,96,0.5274725274725275,202,96
