match_id,year,team,total_players,eligible_players,targeted_player,targeted_efficiency_damage,targeted_progressive_capacity_damage,targeted_pass_involvement,targeted_betweenness,targeted_pass_involvement_rank,eligible_efficiency_damage_mean,eligible_efficiency_damage_std,eligible_progressive_damage_mean,targeted_excess_efficiency_damage,targeted_standardized_gap,targeted_to_random_ratio,targeted_damage_percentile,top1_top2_gap
7525,2018,Russia,14,14,Yuri Zhirkov,0.0194274028629857,0.2247191011235955,53,0.2642857142857143,2,2.156013462999746e-17,0.011924237003773583,0.1428571428571428,0.01942740286298568,1.6292365588538387,,100.0,0.007157464212678899
7525,2018,Saudi Arabia,14,12,Salman Mohammed Al Faraj,0.048798798798799,0.2815533980582524,140,0.1768162393162392,1,0.008946446446446406,0.01977521354707945,0.1658576051779935,0.03985235235235259,2.015267863352013,5.454545454545501,100.0,0.026276276276276496
7529,2018,Croatia,14,14,Ivan Perišić,0.0179324894514768,0.2252252252252252,68,0.063034188034188,4,2.2303587548273235e-17,0.01802532435720997,0.14285714285714282,0.01793248945147678,0.9948497511671097,,100.0,0.0
7529,2018,Nigeria,13,13,Oghenekaro Etebo,0.0252156602521565,0.2358490566037736,118,0.1054292929292929,1,-3.843079700625542e-17,0.018051055751473644,0.15384615384615383,0.02521566025215654,1.3969077819782367,,100.0,0.008626410086264101
7530,2018,Australia,14,13,Josh Risdon,0.04001554001554,0.2636363636363636,57,0.4476495726495726,6,0.0031976570438108473,0.02034014029514602,0.15314685314685308,0.03681788297172915,1.8101095881091533,12.514018691588948,100.0,0.016317016317016403
7530,2018,France,14,14,Corentin Tolisso,0.0227272727272727,0.1764705882352941,113,0.0931623931623931,1,-2.2303587548273235e-17,0.019630256652832263,0.14285714285714282,0.02272727272727272,1.1577674774819422,,100.0,0.0
7531,2018,Argentina,14,14,Faustino Marcos Alberto Rojo,0.0217391304347825,0.2046783625730994,134,0.0736416361416361,3,-7.186711543332487e-17,0.01620339114130278,0.14285714285714277,0.021739130434782573,1.3416407864998754,,100.0,0.0
7531,2018,Iceland,14,13,Emil Hallfreðsson,0.0346607669616521,0.0851063829787234,37,0.1551767676767677,2,0.004680054458815692,0.01812557324420023,0.15220949263502453,0.029980712502836408,1.6540559627502847,7.4060606060603735,100.0,0.0154867256637168
7532,2018,Denmark,14,13,Thomas Delaney,0.0559210526315794,0.1938775510204081,61,0.1136243386243386,4,0.005735492577597869,0.018948658190143214,0.15384615384615377,0.05018556005398153,2.6485020496114733,9.75000000000003,100.0,0.0383771929824566
7532,2018,Peru,14,14,Christian Alberto Cueva Bravo,0.0264900662251656,0.3423423423423423,99,0.0856837606837606,2,0.00018395879323039276,0.018753874939515733,0.14285714285714282,0.02630610743193521,1.4027025090428853,143.99999999994043,100.0,0.0
7533,2018,Brazil,14,14,Marcelo Vieira da Silva Júnior,0.0167714884696017,0.3597122302158273,140,0.034508547008547,1,6.443258625056712e-18,0.015547585926825282,0.14285714285714282,0.016771488469601692,1.0787197799411887,,100.0,0.0
7533,2018,Switzerland,13,12,Stephan Lichtsteiner,0.1000000000000001,0.2475247524752475,61,0.1698232323232323,6,0.013636363636363863,0.03189025027249873,0.16584158415841585,0.08636363636363624,2.7081517274298053,7.333333333333219,100.0,0.0727272727272726
7534,2018,Germany,14,13,Joshua Kimmich,0.0240143369175625,0.3559322033898305,142,0.0844017094017094,1,0.0031706644609869926,0.017337531047182716,0.15254237288135591,0.020843672456575507,1.2022284141756463,7.573913043478307,100.0,0.0025089605734766006
7534,2018,Mexico,14,14,Héctor Miguel Herrera López,0.0303703703703703,0.2473118279569892,70,0.1365384615384615,1,0.0005555555555555155,0.01995622782007118,0.14285714285714282,0.029814814814814787,1.4940105456617523,54.66666666667048,100.0,0.0077777777777776995
7535,2018,Costa Rica,14,14,Bryan Ruiz González,0.0217391304347825,0.1904761904761904,94,0.0291132478632478,1,-6.418476861114186e-17,0.01474928245214801,0.14285714285714282,0.021739130434782566,1.4739110533215525,,100.0,0.0
7535,2018,Serbia,14,13,Sergej Milinković-Savić,0.0295216741405081,0.3106796116504854,67,0.0759615384615384,6,0.003966885132804423,0.014695862648680126,0.1516056758775205,0.025554789007703676,1.7389104415723986,7.442028985507202,100.0,0.0130792227204782
7536,2018,Belgium,14,14,Eden Hazard,0.0290322580645161,0.2482269503546099,80,0.1306623931623931,6,-6.938893903907228e-18,0.019053811985665924,0.14285714285714282,0.029032258064516106,1.523698149554373,,100.0,0.0
7536,2018,Panama,14,14,Armando Enrique Cooper Whitaker,0.0265392781316348,0.1685393258426966,55,0.0942994505494505,5,6.427770022592634e-17,0.01724848918181729,0.14285714285714282,0.026539278131634734,1.5386436372416574,,100.0,0.0
7537,2018,England,13,13,Harry Maguire,0.0151515151515152,0.2340425531914893,134,0.0227272727272727,2,8.540177112501205e-17,0.01504592839370324,0.1538461538461538,0.015151515151515116,1.007017629956026,,100.0,0.0
7537,2018,Tunisia,14,13,Anice Badri,0.0303703703703703,0.1194029850746268,60,0.1786324786324786,6,0.0036467236467236,0.020625363946879787,0.1504018369690011,0.026723646723646702,1.2956690990991926,8.328125000000087,100.0,0.002592592592592702
7538,2018,South Korea,14,14,Young-Gwon Kim,0.0241090146750524,0.2151898734177215,60,0.1652930402930403,4,6.567167444769341e-18,0.016507354033567716,0.14285714285714285,0.024109014675052394,1.4605014605021915,,100.0,0.007337526205450702
7538,2018,Sweden,14,13,Andreas Granqvist,0.0212527964205815,0.3,114,0.0229700854700854,2,0.003384385934721477,0.015005358640209139,0.15307692307692308,0.017868410485860024,1.1908019604395794,6.279661016949159,100.0,0.0
7539,2018,Poland,14,14,Grzegorz Krychowiak,0.0315412186379928,0.2237762237762237,136,0.0881410256410256,3,0.00017921146953402828,0.019335746590419964,0.14285714285714282,0.03136200716845877,1.6219703243316865,176.00000000002134,100.0,0.010035842293906902
7539,2018,Senegal,14,13,Idrissa Gana Gueye,0.0240143369175627,0.1975308641975308,87,0.1041666666666666,1,0.0037496553625585623,0.013652404112135781,0.1528964862298195,0.02026468155500414,1.484330626939956,6.40441176470592,100.0,0.0100358422939069
7540,2018,Egypt,14,13,Mohamed Abdul Shafy Sayed Abouezeid,0.0277777777777776,0.2452830188679245,95,0.0949328449328449,3,0.0036160420775804857,0.016633436236621706,0.15239477503628443,0.024161735700197112,1.452600374118753,7.681818181818246,100.0,0.0074786324786324
7540,2018,Russia,14,14,Roman Zobnin,0.0328282828282828,0.1686746987951807,66,0.293482905982906,3,0.0001803751803751429,0.019710476686486202,0.14285714285714282,0.032647907647907655,1.6563733169523773,182.00000000003766,100.0,0.017676767676767798
7541,2018,Colombia,14,14,Santiago Arias Naranjo,0.0290162774239206,0.2201834862385321,55,0.1669261294261294,5,0.00017692852087760672,0.01904017245380431,0.14285714285714282,0.028839348903042992,1.5146579671488618,163.99999999996098,100.0,0.0099079971691435
7541,2018,Japan,14,13,Makoto Hasebe,0.0223182145428366,0.1716417910447761,131,0.0987179487179487,3,0.0048734562773440245,0.01248064686537478,0.15327210103329503,0.017444758265492577,1.3977447205793312,4.579545454545406,100.0,0.0
7542,2018,Morocco,14,14,Manuel Marouan da Costa Trinidade,0.0265392781316348,0.2095238095238095,65,0.0853937728937728,7,5.650242178895886e-17,0.01701827976845155,0.14285714285714282,0.026539278131634744,1.5594571538795126,,100.0,0.0
7542,2018,Portugal,14,14,Cédric Ricardo Alves Soares,0.0195035460992907,0.2244897959183673,60,0.0709706959706959,2,0.0003546099290779354,0.01950999248720407,0.14285714285714282,0.019148936170212766,0.9814937746783804,55.000000000012,100.0,0.0
7543,2018,Iran,14,13,Alireza Jahanbakhsh,0.0629290617848973,0.1111111111111111,14,0.0888888888888888,11,0.011588335386963099,0.021993974100435743,0.1538461538461538,0.051340726397934196,2.334308759457757,5.430379746835134,100.0,0.03737604881769599
7543,2018,Spain,14,13,Gerard Piqué Bernabéu,0.0215852795470631,0.1525423728813559,115,0.0798076923076923,8,0.004055746093962716,0.014844886304695618,0.15341156019122118,0.017529533453100384,1.1808465954741316,5.3221476510066585,100.0,1.97758476261356e-16
7544,2018,Saudi Arabia,14,14,Abdullah Ibrahim Otayf,0.0156249999999999,0.1886792452830188,153,0.0012820512820512,1,-7.434529182757744e-19,0.013461299982625031,0.14285714285714282,0.0156249999999999,1.1607348488012028,,100.0,0.0
7544,2018,Uruguay,14,14,Edinson Roberto Cavani Gómez,0.0241090146750524,0.1376146788990825,46,0.267094017094017,8,6.938893903907228e-18,0.016507354033567727,0.14285714285714282,0.024109014675052394,1.4605014605021907,,100.0,0.007337526205450702
7545,2018,Argentina,14,14,Javier Alejandro Mascherano,0.0241090146750524,0.2278481012658227,94,0.1152777777777777,3,0.0,0.01673869960447725,0.14285714285714282,0.0241090146750524,1.4403158694958447,,100.0,0.0
7545,2018,Croatia,14,13,Danijel Subašić,0.0914221218961629,0.1235955056179775,34,0.1207264957264957,9,0.011605024020374515,0.030632032690872387,0.1538461538461538,0.07981709787578839,2.6056742195751172,7.8778054862839095,100.0,0.0605718585402556
7546,2018,France,13,13,Olivier Giroud,0.0330578512396693,0.2178217821782178,43,0.2323232323232323,9,-5.4443629092195174e-17,0.02203856749311287,0.15384615384615383,0.03305785123966935,1.5000000000000022,,100.0,0.008953168044077097
7546,2018,Peru,14,13,Édison Michael Flores Peralta,0.0277777777777779,0.1578947368421052,89,0.2494200244200243,4,0.004489884236719708,0.015006315107977985,0.15317139001349525,0.023287893541058195,1.5518728864141589,6.186746987951796,100.0,0.009845288326301101
7547,2018,Australia,14,14,Mathew Leckie,0.0265392781316348,0.2167832167832167,62,0.2243589743589743,7,6.39369509717166e-17,0.020584627844655302,0.14285714285714282,0.026539278131634737,1.2892765578234893,,100.0,0.007430997876857699
7547,2018,Denmark,13,13,Christian Dannemann Eriksen,0.0195286195286195,0.1293103448275862,69,0.1928030303030302,7,2.215108438555e-17,0.0161616161616161,0.1538461538461538,0.01952861952861948,1.2083333333333348,,100.0,0.0
7548,2018,Brazil,14,14,Carlos Henrique Casimiro,0.0229166666666667,0.2270531400966183,163,0.0388888888888888,2,-1.338215252896394e-17,0.01761618179717471,0.14285714285714282,0.022916666666666714,1.3008872711759876,,100.0,0.0072916666666668
7548,2018,Costa Rica,14,13,Bryan Ruiz González,0.0313455657492359,0.1944444444444444,56,0.0362332112332112,1,0.00396965419901223,0.020000872718999415,0.15277777777777776,0.02737591155022367,1.3687358514220478,7.896296296295941,100.0,0.0053516819571868025
7549,2018,Iceland,14,14,Gylfi Þór Sigurðsson,0.02906548933039,0.2439024390243902,72,0.026098901098901,1,0.00018395879323039325,0.015148423014010403,0.14285714285714282,0.028881530537159607,1.9065701103308108,157.99999999993403,100.0,0.0103016924208977
7549,2018,Nigeria,14,14,Onyinye Wilfred Ndidi,0.0256688358640639,0.2520325203252032,124,0.0058760683760683,1,0.00018076644974712185,0.019355520652900332,0.14285714285714282,0.02548806941431678,1.316837189316192,141.99999999984843,100.0,0.010122921185828
7550,2018,Serbia,13,12,Nemanja Matić,0.0322793148880106,0.1894736842105263,53,0.1467171717171717,4,0.005873956960913473,0.012826010640258468,0.16578947368421046,0.026405357927097126,2.05873507107624,5.495327102803757,100.0,0.0171277997364955
7550,2018,Switzerland,13,13,Granit Xhaka,0.0252156602521565,0.2790697674418604,149,0.0934343434343434,1,-3.0290940695902706e-17,0.01773110712128378,0.1538461538461538,0.025215660252156533,1.4221142582737298,,100.0,0.008626410086264101
7551,2018,Germany,14,14,Joshua Kimmich,0.0217391304347825,0.28,141,0.083511396011396,4,-7.88060093372321e-17,0.019366756660320582,0.14285714285714285,0.02173913043478258,1.1224972160321824,,100.0,0.0
7551,2018,Sweden,14,11,Mikael Lustig,0.0412808641975308,0.2388059701492537,34,0.3143772893772893,4,0.011083052749719392,0.016072981358491903,0.1709633649932157,0.030197811447811404,1.878793409528648,3.7246835443037996,100.0,0.0027006172839505946
7552,2018,Belgium,14,13,Thomas Meunier,0.022855133614627,0.2733812949640288,78,0.20254884004884,3,0.00411121930109273,0.011566338899178664,0.15273934698395128,0.01874391431353427,1.6205572460673179,5.559210526315705,100.0,0.0049226441631501985
7552,2018,Tunisia,14,14,Anice Badri,0.0229166666666667,0.224,64,0.0452991452991453,6,-7.93016446160826e-18,0.015059200307084302,0.14285714285714285,0.022916666666666707,1.52177182050537,,100.0,0.0072916666666668
7553,2018,Mexico,14,14,Carlos Joel Salcedo Hernández,0.0252525252525252,0.134453781512605,118,0.1367521367521367,1,0.00018037518037517905,0.018787614180336018,0.1428571428571428,0.02507215007215002,1.3345042021563167,140.00000000000074,100.0,0.0025252525252525
7553,2018,South Korea,14,14,Young-Gwon Kim,0.0294540229885057,0.2159090909090909,50,0.138034188034188,6,0.0005387931034482517,0.019423970881817007,0.14285714285714285,0.028915229885057448,1.488636389592476,54.66666666666904,100.0,0.007543103448276099
7554,2018,England,14,14,Harry Maguire,0.0227272727272727,0.1858407079646017,144,0.0645299145299145,3,-1.338215252896394e-17,0.018556740475630065,0.14285714285714282,0.022727272727272714,1.2247448713915932,,100.0,0.0
7554,2018,Panama,14,14,Armando Enrique Cooper Whitaker,0.0206995003568881,0.2621359223300971,80,0.0696581196581196,2,1.3530843112619095e-16,0.017851533191148874,0.14285714285714282,0.020699500356887966,1.1595362782145326,,100.0,0.007494646680942201
7555,2018,Colombia,14,14,James David Rodríguez Rubio,0.0229166666666667,0.3,122,0.0829059829059829,1,-2.800339325505417e-17,0.01627135349147219,0.14285714285714282,0.022916666666666727,1.4084056792618598,,100.0,0.0
7555,2018,Poland,14,14,Robert Lewandowski,0.0277777777777776,0.3009708737864077,68,0.164545177045177,5,-5.699805706780937e-17,0.01819378885248542,0.14285714285714282,0.027777777777777655,1.5267725707382265,,100.0,0.0074786324786324
7556,2018,Japan,14,13,Gaku Shibasaki,0.0256410256410259,0.175,71,0.0890491452991452,4,0.00512820512820531,0.013455666982888042,0.15256410256410252,0.02051282051282059,1.5244744492344624,4.999999999999873,100.0,0.0
7556,2018,Senegal,14,13,Moussa Wagué,0.0244252873563217,0.2272727272727272,76,0.0897435897435897,1,0.004503757736516416,0.015229347678515276,0.15209790209790205,0.019921529619805284,1.3081013081019537,5.423312883435481,100.0,0.0025143678160918018
7557,2018,Iran,14,11,Sardar Azmoun,0.0345765345765351,0.2580645161290322,30,0.191590354090354,3,0.01356219538037761,0.013577270823510868,0.17595307917888559,0.021014339196157493,1.5477587115496247,2.549479166666628,100.0,0.008158508158508302
7557,2018,Portugal,14,13,José Miguel da Rocha Fonte,0.1093750000000002,0.1478873239436619,123,0.0878357753357753,3,0.01161858974359006,0.03388674752210011,0.15330444203683635,0.09775641025641013,2.8847976688425407,9.413793103448036,100.0,0.08072916666666649
7558,2018,Russia,14,14,Artem Dzyuba,0.0253164556962025,0.3061224489795918,53,0.1456196581196581,5,2.7755575615628914e-17,0.015716945596784083,0.14285714285714282,0.025316455696202472,1.6107745325136578,,100.0,0.0
7558,2018,Uruguay,14,13,Lucas Torreira Di Pascua,0.0290827740492173,0.1824324324324324,101,0.031517094017094,4,0.0051913038490222305,0.014687705857535012,0.1533264033264033,0.023891470200195067,1.6266304916460719,5.602209944751157,100.0,0.0052199850857567
7559,2018,Egypt,14,14,Mohamed Naser Elsayed Elneny,0.0341321713870734,0.1111111111111111,75,0.1123931623931623,2,0.00018155410312273648,0.01896262860899998,0.14285714285714282,0.03395061728395066,1.790396151503865,187.99999999999415,100.0,0.010167029774872997
7559,2018,Saudi Arabia,13,12,Salman Mohammed Al Faraj,0.0445499773857984,0.3525179856115107,181,0.0707070707070707,2,0.006086989295944443,0.017203264603707965,0.16486810551558748,0.038462988089853954,2.2357958780430374,7.318885448916521,100.0,0.0235187697874268
7560,2018,Morocco,14,13,Fayçal Fajr,0.0764966740576499,0.0384615384615384,15,0.1714641839641839,12,0.011626584797316755,0.02399930621453564,0.1538461538461538,0.06487008926033315,2.7029985233924525,6.579462102689365,100.0,0.056910569105690895
7560,2018,Spain,14,14,Sergio Busquets i Burgos,0.0265392781316348,0.0994152046783625,104,0.1024572649572649,8,6.418476861114186e-17,0.01701827976845157,0.14285714285714282,0.026539278131634737,1.5594571538795103,,100.0,0.007430997876857699
7561,2018,Croatia,14,13,Milan Badelj,0.0290654893303901,0.2396694214876033,120,0.2154914529914529,2,0.004301805626308999,0.01700974874462665,0.15384615384615383,0.0247636837040811,1.4558524100424415,6.756578947368349,100.0,1.0061396160665481e-16
7561,2018,Iceland,14,12,Gylfi Þór Sigurðsson,0.117624521072797,0.2352941176470588,48,0.1339743589743589,4,0.016826309067688686,0.03421438717058638,0.16666666666666663,0.10079821200510831,2.946076792273021,6.990512333965721,100.0,0.0885057471264364
7562,2018,Australia,14,14,Mark Milligan,0.0265392781316348,0.3055555555555556,147,0.169017094017094,1,7.186711543332487e-17,0.01769992781372934,0.14285714285714282,0.026539278131634727,1.499400359760165,,100.0,0.007430997876857699
7562,2018,Peru,14,14,Miguel Ángel Trauco Saavedra,0.0205761316872427,0.396039603960396,101,0.0589743589743589,1,-7.087584487562383e-17,0.015602624370476431,0.14285714285714285,0.02057613168724277,1.318760946791573,,100.0,0.007201646090535
7563,2018,Denmark,13,13,Jens Stryger Larsen,0.0207792207792208,0.1052631578947368,34,0.184090909090909,8,4.590345197969397e-17,0.015033554419208034,0.1538461538461538,0.020779220779220755,1.3821894809301793,,100.0,0.0084415584415585
7563,2018,France,14,14,N'Golo Kanté,0.0229166666666667,0.1647727272727272,138,0.1561965811965811,3,-7.186711543332487e-18,0.016036254498271493,0.14285714285714282,0.022916666666666707,1.4290535654155923,,100.0,0.0
7564,2018,Argentina,13,13,Gabriel Iván Mercado,0.0207792207792208,0.1092436974789916,83,0.0795454545454545,6,3.896455807578674e-17,0.017081748620734877,0.1538461538461538,0.020779220779220762,1.2164574740315324,,100.0,0.0
7564,2018,Nigeria,14,12,Brian Oladapo Idowu,0.1203065134099621,0.328125,59,0.268070818070818,2,0.01704980842911925,0.03350701949511395,0.1640625,0.10325670498084284,3.0816439819692083,7.056179775280726,100.0,0.09386973180076619
7565,2018,Brazil,14,14,Carlos Henrique Casimiro,0.0179324894514768,0.1463414634146341,113,0.0196581196581196,3,0.00017580872011253558,0.017258829635101995,0.14285714285714282,0.017756680731364265,1.0288461678334035,101.9999999999896,100.0,0.0
7565,2018,Serbia,13,13,Antonio Rukavina,0.0222367560497057,0.1891891891891892,55,0.1527236652236652,7,6.138252299610241e-17,0.016179616581887428,0.1538461538461538,0.02223675604970564,1.374368541872555,,100.0,0.008502289077828601
7566,2018,Mexico,14,14,Héctor Miguel Herrera López,0.0217391304347825,0.2983870967741935,134,0.0176282051282051,1,-6.443258625056713e-17,0.015970236667227196,0.14285714285714282,0.021739130434782566,1.3612278194595462,,100.0,0.0072463768115942
7566,2018,Sweden,14,13,Andreas Granqvist,0.1154147104851334,0.1525423728813559,33,0.1429487179487179,3,0.011977850006019551,0.03540186848758874,0.15384615384615377,0.10343686047911385,2.921790992906969,9.635678391959404,100.0,0.0848982785602502
7567,2018,Germany,14,14,Joshua Kimmich,0.0194274028629857,0.2433862433862433,153,0.0422008547008547,3,4.312026925999492e-17,0.015873389259979546,0.14285714285714277,0.01942740286298566,1.2238975901615792,,100.0,0.0
7567,2018,South Korea,14,14,Heung-Min Son,0.0317460317460317,0.3548387096774194,43,0.1802808302808302,3,0.00018896447467879458,0.018984112598866048,0.14285714285714282,0.03155706727135291,1.6622882479762504,167.9999999999694,100.0,0.007936507936507901
7568,2018,Costa Rica,14,12,Bryan Oviedo,0.0537949921752749,0.2210526315789473,53,0.2361111111111111,5,0.0128292905581648,0.01846864996441337,0.1666666666666666,0.0409657016171101,2.218121069815366,4.193138500635077,100.0,0.023278560250391198
7568,2018,Switzerland,14,14,Granit Xhaka,0.0265392781316348,0.3129251700680272,188,0.048076923076923,1,5.650242178895886e-17,0.018569910493137883,0.14285714285714285,0.026539278131634744,1.4291548761875708,,100.0,0.007430997876857699
7569,2018,Panama,14,14,Gabriel Enrique Gómez Girón,0.029082774049217,0.1538461538461538,55,0.0811507936507936,1,0.00018642803877705685,0.017353837016927966,0.14285714285714285,0.028896346010439944,1.6651271982243885,155.99999999997925,100.0,0.0052199850857569015
7569,2018,Tunisia,14,13,Anice Badri,0.0876068376068378,0.0638297872340425,34,0.3222374847374847,12,0.011669953977646232,0.025207481279001777,0.15384615384615383,0.07593688362919157,3.0124740662784175,7.507042253521178,100.0,0.0673076923076926
7570,2018,Belgium,13,13,Mousa Sidi Yaya Dembélé,0.0267379679144384,0.2330827067669172,119,0.1098484848484848,3,-1.6012832085939756e-17,0.01971641872159435,0.15384615384615377,0.02673796791443842,1.3561270072416214,,100.0,0.008689839572192503
7570,2018,England,13,12,Danny Rose,0.0179257362355953,0.1478260869565217,65,0.2359848484848485,7,0.005441741357234266,0.007968343406422745,0.16666666666666663,0.012483994878361035,1.566698903601284,3.2941176470588367,100.0,0.0
7571,2018,Colombia,14,13,Davinson Sánchez Mina,0.0212527964205815,0.2113821138211382,104,0.0048076923076923,1,0.003585154591865955,0.01722637197083554,0.1519699812382739,0.017667641828715545,1.0256159485367597,5.928000000000034,100.0,0.0
7571,2018,Senegal,14,11,Kalidou Koulibaly,0.0515587529976026,0.2125,63,0.158119658119658,2,0.013916139815420846,0.021385911062720083,0.17727272727272728,0.03764261318218175,1.7601594372942262,3.7049608355090657,100.0,0.013988808952837897
7572,2018,Japan,14,14,Gaku Shibasaki,0.0290322580645161,0.2170542635658914,111,0.2639041514041514,4,-1.486905836551549e-17,0.015544980962151515,0.14285714285714282,0.029032258064516113,1.8676290524384072,,100.0,0.007526881720430201
7572,2018,Poland,13,13,Grzegorz Krychowiak,0.0180481283422459,0.1779661016949152,79,0.1054292929292929,4,-3.0958142032816866e-17,0.0185004712608262,0.1538461538461538,0.01804812834224593,0.975549654265398,,100.0,0.0
7576,2018,Portugal,14,14,Cristiano Ronaldo dos Santos Aveiro,0.0265068990559187,0.3177570093457944,70,0.1538461538461538,4,0.0001815541031227588,0.020165586181758857,0.14285714285714282,0.026325344952795943,1.3054589494953044,145.99999999997752,100.0,0.0025417574437183003
7576,2018,Spain,14,14,Gerard Piqué Bernabéu,0.0194274028629857,0.1582278481012658,124,0.1601495726495726,7,2.973811673103098e-17,0.017621357811466322,0.14285714285714277,0.01942740286298567,1.1024918210527535,,100.0,0.0
7577,2018,Iran,14,12,Sardar Azmoun,0.0638211382113829,0.3773584905660377,37,0.1625152625152624,1,0.010467479674797359,0.02164363762901301,0.16194968553459113,0.05335365853658554,2.465096646465087,6.097087378640496,100.0,0.0369918699186992
7577,2018,Morocco,14,13,Hakim Ziyech,0.0328947368421052,0.2521739130434782,86,0.2617826617826617,3,0.0033738191632928694,0.020384402076825934,0.15183946488294311,0.02952091767881233,1.4482111159087305,9.749999999999918,100.0,0.0
7578,2018,Egypt,14,14,Abdalla Mahmoud El Said Bekhit,0.0315904139433551,0.3608247422680412,96,0.037767094017094,1,0.0,0.01886765585587007,0.14285714285714282,0.0315904139433551,1.6743157806499185,,100.0,0.0076252723311547
7578,2018,Uruguay,14,14,Rodrigo Bentancur Colmán,0.0265548567435358,0.2876712328767123,156,0.0053418803418803,1,0.0001747030048917004,0.01851604614114355,0.14285714285714285,0.0263801537386441,1.4247185137450118,151.9999999999848,100.0,0.009783368273934102
7579,2018,Portugal,14,13,Bernardo Mota Veiga de Carvalho e Silva,0.0277777777777776,0.282051282051282,145,0.0213675213675213,1,0.003921886833279254,0.013734109875933626,0.15285996055226816,0.023855890944498345,1.7369812212075852,7.082758620689582,100.0,0.0098452883263008
7579,2018,Uruguay,14,14,Luis Alberto Suárez Díaz,0.0265392781316348,0.3733333333333333,54,0.013034188034188,1,7.112366251504909e-17,0.013385902561484567,0.14285714285714282,0.02653927813163473,1.9826289642953583,,100.0,0.007430997876857699
7580,2018,Argentina,14,14,Éver Maximiliano David Banega,0.0229166666666667,0.24,106,0.0209401709401709,3,-1.2390881971262907e-19,0.014546083378925946,0.14285714285714285,0.0229166666666667,1.5754527228867583,,100.0,0.0072916666666668
7580,2018,France,14,12,Paul Pogba,0.046423135464232,0.2439024390243902,72,0.1364316239316239,2,0.01024226281075635,0.017346241683402062,0.16463414634146337,0.03618087265347565,2.0858047128500297,4.532507739937971,100.0,0.021308980213089898
7581,2018,Croatia,15,15,Luka Modrić,0.0340406719717063,0.3157894736842105,145,0.0492216117216117,1,0.00014736221632781303,0.014088321134944964,0.1333333333333333,0.033893309755378485,2.405773507767992,230.99999999987438,100.0,0.015473032714411899
7581,2018,Denmark,15,15,Mathias Jørgensen Jatta,0.0180032733224223,0.2013888888888889,113,0.1000763125763125,2,3.9782991715734776e-17,0.012165359040358835,0.13333333333333328,0.018003273322422263,1.4798801467918887,,100.0,0.006137479541734901
7582,2018,Russia,15,14,Ilya Kutepov,0.0342560024468573,0.1506849315068493,45,0.102760334903192,3,0.004271076835689064,0.019817971794252615,0.14187866927592954,0.029984925611168237,1.5130168678443738,8.020460358056445,100.0,0.0068817862058420005
7582,2018,Spain,15,15,Francisco Román Alarcón Suárez,0.0246493837654059,0.3408239700374532,299,0.1247252747252747,2,8.604228440844963e-17,0.015591956079765488,0.13333333333333333,0.024649383765405812,1.580903873722081,,100.0,0.006374840628984298
7583,2018,Brazil,14,14,Fágner Conserva Lemos,0.0214233841684821,0.2111111111111111,51,0.0806623931623931,8,0.0007262164124909083,0.018625008864534696,0.14285714285714282,0.020697167755991192,1.1112568002800929,29.50000000000042,100.0,0.005083514887436299
7583,2018,Mexico,14,14,Carlos Joel Salcedo Hernández,0.0217391304347825,0.219298245614035,112,0.0221153846153846,1,-7.211493307275012e-17,0.015733627488168346,0.1428571428571428,0.021739130434782573,1.3816985594155164,,100.0,0.0
7584,2018,Belgium,13,13,Axel Witsel,0.0179257362355953,0.2027972027972027,110,0.2309974747474747,4,-2.4019248128909638e-17,0.015940972596656444,0.1538461538461538,0.017925736235595326,1.1245070604634988,,100.0,0.0
7584,2018,Japan,13,13,Makoto Hasebe,0.0267379679144384,0.1212121212121212,83,0.1398989898989899,2,-3.0958142032816866e-17,0.019419570917558686,0.15384615384615385,0.026737967914438433,1.37685678164303,,100.0,0.0
7585,2018,Colombia,15,14,Juan Guillermo Cuadrado Bello,0.0246734397677794,0.2411347517730496,100,0.1053113553113553,2,0.003835786854654948,0.014873291148104912,0.14235055724417425,0.020837652913124453,1.4010115653373392,6.432432432432153,100.0,0.002177068214803901
7585,2018,England,15,15,Harry Maguire,0.0246493837654059,0.2592592592592592,127,0.0897435897435897,2,8.049116928532385e-17,0.01541721814468084,0.13333333333333325,0.02464938376540582,1.5988217546179178,,100.0,0.006374840628984298
7586,2018,Sweden,14,14,Albin Ekdal,0.0505747126436782,0.2077922077922078,46,0.2590811965811965,1,0.0005747126436781007,0.0235912364962917,0.14285714285714282,0.0500000000000001,2.119431086533323,88.00000000000928,100.0,0.0241379310344829
7586,2018,Switzerland,13,13,Granit Xhaka,0.0207792207792208,0.3310344827586207,164,0.1273629148629148,1,8.460112952071505e-17,0.016757776494238832,0.15384615384615385,0.020779220779220717,1.2399748132674058,,100.0,0.0
8649,2018,France,14,13,Paul Pogba,0.1269315673289184,0.2869565217391304,128,0.282051282051282,2,0.01163185600271699,0.03642413792572997,0.1531772575250836,0.1152997113262014,3.165475365849464,10.912408759124038,100.0,0.10044150110375279
8649,2018,Uruguay,14,14,Matías Vecino Falero,0.0277777777777779,0.1219512195121951,32,0.270558608058608,8,0.0003654970760234498,0.018050523720563927,0.14285714285714282,0.02741228070175445,1.5186418480769734,75.99999999998828,100.0,0.010233918128655102
8650,2018,Belgium,13,12,Axel Witsel,0.1091370558375634,0.0909090909090909,65,0.2550505050505051,4,0.013651745885248532,0.03424016993388411,0.16666666666666663,0.09548530995231487,2.7886926419083715,7.994366197183031,100.0,0.0839870789109366
8650,2018,Brazil,14,14,Thiago Emiliano da Silva,0.0241090146750524,0.2030075187969924,98,0.0659951159951159,4,2.1807952269422717e-17,0.018064662410496923,0.14285714285714282,0.02410901467505238,1.3345953623270166,,100.0,0.007337526205450702
8651,2018,England,14,13,Jesse Lingard,0.105726872246696,0.1327433628318584,92,0.1958689458689458,4,0.011634474189540361,0.03205719055167398,0.15384615384615383,0.09409239805715564,2.935141740056266,9.087378640776624,100.0,0.0873715124816445
8651,2018,Sweden,14,14,Sebastian Larsson,0.0303030303030303,0.2232142857142857,60,0.2136752136752136,4,-2.874684617332995e-17,0.015942553963913638,0.14285714285714285,0.030303030303030328,1.9007638532459719,,100.0,0.015151515151515301
8652,2018,Croatia,15,15,Ivan Rakitić,0.0189222542163718,0.2032967032967033,139,0.0699459270887842,3,-6.661338147750939e-17,0.013034125477379553,0.1333333333333333,0.018922254216371864,1.4517471271249485,,100.0,0.0
8652,2018,Russia,15,15,Roman Zobnin,0.0226986128625473,0.1063829787234042,50,0.1639485514485514,4,1.376213957608267e-17,0.01213915853568187,0.13333333333333325,0.022698612862547287,1.8698670748740067,,100.0,0.012610340479193
8655,2018,Belgium,13,13,Vincent Kompany,0.0237154150197627,0.2582781456953642,178,0.1446789321789321,2,-2.4019248128909638e-17,0.01963065141732716,0.1538461538461538,0.023715415019762723,1.2080808993852394,,100.0,0.008563899868247599
8655,2018,France,13,12,N'Golo Kanté,0.1282172373081463,0.1098901098901098,73,0.0999579124579124,2,0.013616686343958991,0.03973464650237211,0.16666666666666663,0.11460055096418731,2.8841467346977856,9.416184971098314,100.0,0.1074380165289255
8656,2018,Croatia,14,13,Marcelo Brozović,0.0367917586460634,0.2391304347826087,143,0.1337606837606837,1,0.0035093677477784236,0.016427564056307804,0.153010033444816,0.033282390898284976,2.0260088948187853,10.48387096774173,100.0,0.018027961736571098
8656,2018,England,15,14,Eric Dier,0.0720971044164964,0.0873015873015873,36,0.0909798534798534,10,0.010048886474742178,0.02367587862055418,0.14229024943310653,0.062048217941754226,2.620735599137899,7.174636174636074,100.0,0.0482597250658089
8657,2018,Belgium,14,14,Axel Witsel,0.0241090146750524,0.1854838709677419,96,0.0539529914529914,4,2.0816681711721685e-17,0.015298238489859978,0.14285714285714282,0.02410901467505238,1.5759340326033213,,100.0,0.007337526205450702
8657,2018,England,14,14,Eric Dier,0.0205761316872427,0.2556390977443609,160,0.0591422466422466,1,-6.344131569286608e-17,0.01583827604767556,0.14285714285714282,0.020576131687242764,1.2991396049232604,,100.0,0.0
8658,2018,Croatia,13,13,Domagoj Vida,0.0267379679144384,0.1428571428571428,77,0.1546717171717171,6,-1.4945309946877107e-17,0.02000886303087662,0.15384615384615383,0.026737967914438415,1.3363062095621223,,100.0,0.008689839572192503
8658,2018,France,14,14,Antoine Griezmann,0.0303703703703703,0.2352941176470588,45,0.1524114774114774,2,0.0003703703703703146,0.02110136227147272,0.14285714285714285,0.029999999999999985,1.4217091585862909,82.00000000001215,100.0,0.002592592592592702
3857254,2022,Denmark,15,15,Christian Dannemann Eriksen,0.0266437473141382,0.217391304347826,133,0.0876373626373626,3,-2.544261098099317e-17,0.017434862720327217,0.1333333333333333,0.026643747314138225,1.5281879611862053,,100.0,0.0
3857254,2022,Tunisia,16,12,Naïm Sliti,0.1249483399917349,0.0333333333333333,14,0.246031746031746,12,0.02581622813059659,0.03143719521195995,0.16388888888888883,0.09913211186113831,3.1533383049205526,4.839914621131273,100.0,0.08750516600082679
3857255,2022,Japan,15,14,Hidemasa Morita,0.0454971857410878,0.2459016393442623,51,0.1855311355311355,1,0.00395336370946125,0.01978951946612474,0.1416861826697892,0.04154382203162655,2.0992840226737357,11.50847457627115,100.0,0.014071294559099098
3857255,2022,Spain,16,16,Pedro González López,0.0279823269513991,0.1897435897435897,237,0.0646031746031746,3,3.122502256758253e-17,0.017487985400644904,0.12499999999999994,0.02798232695139907,1.6000886500263871,,100.0,0.0
3857256,2022,Serbia,16,16,Saša Lukić,0.0277185501066098,0.1610169491525423,100,0.0126984126984126,3,1.8648277366750676e-17,0.015293130626403676,0.12499999999999997,0.02771855010660978,1.8124837081266767,,100.0,0.005685856432125099
3857256,2022,Switzerland,15,14,Granit Xhaka,0.1244343891402714,0.2410714285714285,97,0.1501831501831502,1,0.010019392372333536,0.03430860894561237,0.14221938775510198,0.11441499676793786,3.334877171770908,12.419354838709683,100.0,0.1018099547511311
3857257,2022,Australia,15,13,Aziz Eraltay Behich,0.115078148942691,0.1529411764705882,53,0.1378859236002093,1,0.013944223107569697,0.03229243837512083,0.1529411764705882,0.1011339258351213,3.1318144718683816,8.252747252747284,100.0,0.0965369292062523
3857257,2022,Denmark,16,16,Andreas Christensen,0.021978021978022,0.1656441717791411,168,0.096031746031746,2,5.637851296924623e-17,0.014794408810809047,0.12499999999999997,0.021978021978021945,1.4855627054164158,,100.0,0.0
3857258,2022,Brazil,16,16,Alex Sandro Lobo Silva,0.03905091448344,0.2980132450331126,152,0.1025396825396825,1,0.0007414730598120441,0.019244999568038212,0.12499999999999997,0.03830944142362796,1.9906179414652556,52.66666666667433,100.0,0.013840830449827004
3857258,2022,Serbia,16,16,Sergej Milinković-Savić,0.0260380014074595,0.1888888888888888,64,0.1514960172103029,4,-5.0306980803327406e-17,0.014878518305324372,0.12499999999999994,0.02603800140745955,1.7500399484094922,,100.0,0.011259676284306899
3857259,2022,Cameroon,16,16,Jean-Eric Maxim Choupo-Moting,0.020408163265306,0.2386363636363636,39,0.0727947845804988,7,0.0004859086491739062,0.015541482596423146,0.12499999999999996,0.019922254616132094,1.281876068935481,42.000000000003986,100.0,0.0
3857259,2022,Serbia,16,16,Dušan Tadić,0.036190476190476,0.2846153846153846,94,0.1405442176870748,2,0.0004761904761905059,0.01943067215533628,0.12499999999999996,0.0357142857142855,1.8380365552345144,75.99999999999487,100.0,0.013333333333333103
3857260,2022,Mexico,16,15,Hirving Rodrigo Lozano Bahena,0.115598182735992,0.2857142857142857,57,0.2704761904761904,7,0.008716136631330985,0.03314959113937623,0.13333333333333325,0.10688204610466101,3.2242342192179505,13.26254826254826,100.0,0.0827864714790511
3857260,2022,Saudi Arabia,15,15,Abdulelah Al Amri,0.0236686390532544,0.2597402597402597,43,0.1626504447933019,2,0.0006068881808526795,0.018579601899367713,0.13333333333333328,0.02306175087240172,1.2412403127532317,38.99999999999984,100.0,0.0
3857261,2022,England,16,16,Jordan Brian Henderson,0.0285714285714286,0.1782945736434108,102,0.0861904761904761,3,6.830473686658678e-17,0.01428571428571424,0.12499999999999994,0.02857142857142853,2.0000000000000036,,100.0,0.0057142857142856995
3857261,2022,Wales,16,16,Chris Mepham,0.0378006872852233,0.2857142857142857,90,0.0860884353741496,1,0.00024545900834561235,0.01915052243474668,0.12499999999999994,0.03755522827687769,1.9610550262972222,153.99999999999594,100.0,0.021600392734413304
3857262,2022,Portugal,16,16,João Pedro Cavaco Cancelo,0.0285714285714286,0.3409090909090909,143,0.1118707482993197,1,6.808789643208968e-17,0.0159078981795143,0.12499999999999994,0.02857142857142853,1.7960530202677518,,100.0,0.0
3857262,2022,South Korea,14,13,In-Beom Hwang,0.0202991452991452,0.1666666666666666,70,0.0523504273504273,2,0.0032325224632916523,0.01307627546007297,0.15213675213675207,0.017066622835853546,1.3051593236900432,6.279661016949203,100.0,0.0
3857263,2022,Germany,16,15,Niklas Süle,0.0297619047619047,0.2073170731707317,75,0.2539455782312925,2,0.003571428571428594,0.01680779252741849,0.13252032520325197,0.026190476190476108,1.5582341433446232,8.333333333333265,100.0,0.0059523809523809
3857263,2022,Spain,15,15,Daniel Carvajal Ramos,0.0217391304347826,0.1928571428571428,113,0.1762820512820513,5,1.3183898417423733e-17,0.014457873299155962,0.13333333333333328,0.021739130434782587,1.5036188231122276,,100.0,0.0
3857264,2022,Argentina,16,16,Nicolás Hernán Otamendi,0.0235783633841885,0.201058201058201,174,0.0412698412698412,2,-6.873841773558098e-17,0.013800103149883738,0.12499999999999994,0.023578363384188568,1.7085642859406605,,100.0,0.005547850208044398
3857264,2022,Poland,16,15,Piotr Zieliński,0.0347349177330895,0.1492537313432835,48,0.2769325912183055,5,0.003952293897449358,0.01696455604863099,0.1323383084577114,0.030782623835640146,1.814525752834201,8.78854625550644,100.0,0.014625228519195503
3857265,2022,Mexico,14,14,Jorge Eduardo Sánchez Ramos,0.0229166666666667,0.1538461538461538,74,0.1577991452991453,5,-3.568574007723718e-17,0.018251474445765855,0.14285714285714285,0.022916666666666734,1.2556063201777736,,100.0,0.0
3857265,2022,Poland,14,14,Robert Lewandowski,0.0227272727272727,0.3698630136986301,46,0.2379884004884004,5,-2.1312316990572203e-17,0.015683308166871624,0.14285714285714285,0.02272727272727272,1.4491376746189493,,100.0,0.007575757575757701
3857266,2022,Denmark,15,15,Christian Dannemann Eriksen,0.027657735522904,0.2296296296296296,113,0.0964481946624803,5,-2.7292982688701764e-17,0.017468783864656594,0.13333333333333328,0.02765773552290403,1.5832662271849416,,100.0,0.006482281763180702
3857266,2022,France,15,14,Aurélien Djani Tchouaméni,0.1211985688729874,0.218978102189781,128,0.2301739926739927,1,0.010030667007411152,0.03283639477193675,0.14285714285714282,0.11116790186557625,3.38550875142312,12.082802547770743,100.0,0.1006261180679786
3857267,2022,Ecuador,15,15,Gonzalo Jordy Plata Jiménez,0.0241887019230768,0.1666666666666666,47,0.0918105703819989,7,0.00030048076923082736,0.01870719040417471,0.1333333333333333,0.023888221153845972,1.2769539753289227,80.49999999998401,100.0,0.002253605769230598
3857267,2022,Senegal,13,13,Ismaïla Sarr,0.0237154150197627,0.2531645569620253,40,0.0989898989898989,4,-2.3118526324075525e-17,0.015810276679841858,0.15384615384615383,0.023715415019762723,1.499999999999996,,100.0,0.008563899868247599
3857268,2022,Belgium,15,15,Axel Witsel,0.0319055944055945,0.1239669421487603,77,0.1583333333333333,4,0.00014568764568765948,0.01814147584910817,0.13333333333333328,0.031759906759906836,1.7506793286318072,218.9999999999799,100.0,0.0087412587412588
3857268,2022,Canada,16,16,Alphonso Davies,0.0236898779612347,0.1031746031746031,63,0.2088888888888889,5,4.9873299934333204e-17,0.013295232718917499,0.12499999999999997,0.023689877961234652,1.781832515614927,,100.0,0.005743000717875001
3857269,2022,Brazil,16,16,Carlos Henrique Casimiro,0.0198612108159847,0.1596638655462184,75,0.0346825396825396,5,0.0003589375448672556,0.015919193726874815,0.12499999999999997,0.019502273271117445,1.2250792097713885,55.333333333323736,100.0,0.0
3857269,2022,Switzerland,16,16,Manuel Obafemi Akanji,0.0322104745512663,0.297029702970297,137,0.0346825396825396,1,0.000368822227686306,0.018637994981606718,0.125,0.031841652323579994,1.7084269179707137,87.33333333332133,100.0,0.007868207523973499
3857270,2022,Portugal,16,16,Bernardo Mota Veiga de Carvalho e Silva,0.0228571428571429,0.221311475409836,107,0.1025736961451247,2,5.551115123125783e-17,0.01603567451474541,0.12499999999999996,0.022857142857142843,1.4253932901996007,,100.0,0.0057142857142856995
3857270,2022,Uruguay,16,16,Federico Santiago Valverde Dipetta,0.0303030303030301,0.2307692307692307,77,0.1460619803476946,2,-8.760353553682876e-17,0.01737603835323559,0.12499999999999994,0.030303030303030186,1.7439550769285372,,100.0,0.005772005772005699
3857271,2022,England,16,16,Declan Rice,0.0243902439024389,0.1570680628272251,177,0.0787518037518037,4,-5.594483210025203e-17,0.015378450516176893,0.12499999999999994,0.024390243902438956,1.5860013905030537,,100.0,0.0
3857271,2022,Iran,17,16,Roozbeh Cheshmi,0.0526790750141005,0.0,9,0.0885416666666666,14,0.00821347997743938,0.020622789107978965,0.12499999999999996,0.044465595036661115,2.1561387649286177,6.413733905579402,100.0,0.011505922165820796
3857272,2022,England,14,14,Harry Kane,0.0240622788393489,0.1666666666666666,45,0.113034188034188,9,0.00035385704175518423,0.018973470089815286,0.14285714285714282,0.023708421797593714,1.2495564430420183,67.99999999998974,100.0,0.004953998584571798
3857272,2022,United States,15,14,Christian Pulisic,0.0284570920409068,0.238095238095238,57,0.139041514041514,7,0.003048974147240015,0.016135280182786618,0.14149659863945577,0.025408117893666784,1.574693318357904,9.33333333333333,100.0,0.0022232103156956985
3857273,2022,Iran,16,15,Mehdi Taremi,0.1169753869576249,0.2159090909090909,46,0.1347732426303854,2,0.008711832868138406,0.03133103111640757,0.13257575757575754,0.10826355408948649,3.4554737023254414,13.42718446601936,100.0,0.0893174321238264
3857273,2022,Wales,15,15,Ben Davies,0.0262338817252111,0.2781954887218045,123,0.0946886446886447,1,0.00029642804209271403,0.01896328750740998,0.13333333333333328,0.025937453683118387,1.3677720001335856,88.50000000001994,100.0,0.0022232103156962016
3857274,2022,Ecuador,14,12,Piero Martín Hincapié Reyna,0.109578544061303,0.0638297872340425,55,0.1634615384615384,7,0.01727330779054963,0.03198696750362987,0.16400709219858153,0.09230523627075338,2.8857138852027346,6.343807763400958,100.0,0.0804597701149423
3857274,2022,Netherlands,15,14,Steven Berghuis,0.0801029678982438,0.104,22,0.2059654631083202,13,0.010015574976205066,0.022888974762328103,0.1422857142857143,0.07008739292203874,3.0620590764682176,7.9978401727860735,100.0,0.0590551181102365
3857275,2022,France,16,16,Aurélien Djani Tchouaméni,0.0235783633841885,0.2602739726027397,174,0.067579365079365,1,-8.738669510233166e-17,0.01278716290886667,0.12499999999999997,0.023578363384188585,1.8439088914585777,,100.0,0.0
3857275,2022,Tunisia,14,13,Issam Jebali,0.0763888888888895,0.0625,9,0.2322649572649572,12,0.011574074074074885,0.02502208320854571,0.15304487179487175,0.06481481481481462,2.5903045032109326,6.599999999999591,100.0,0.040509259259259106
3857276,2022,Canada,16,16,Alistair Johnston,0.0180305131761441,0.140625,101,0.0559826152683295,4,-6.808789643208968e-17,0.015129975193669452,0.125,0.01803051317614417,1.191708046136674,,100.0,0.0
3857276,2022,Morocco,16,13,Achraf Hakimi Mouh,0.1026455026455029,0.2840909090909091,91,0.0807142857142857,1,0.017338217338217412,0.030349242853029517,0.15209790209790205,0.08530728530728549,2.8108538232864007,5.920187793427219,100.0,0.0687830687830689
3857277,2022,Croatia,15,14,Borna Sosa,0.0373990650233742,0.2230215827338129,98,0.1148613291470434,5,0.004614170360026765,0.015019509291303409,0.14285714285714285,0.032784894663347434,2.1828206253269893,8.1052631578946,100.0,0.0191245218869526
3857277,2022,Morocco,15,13,Yahia Attiyat allah,0.0960759887885394,0.0833333333333333,21,0.2035845107273679,11,0.01378674268739663,0.0278657835159403,0.1492673992673992,0.08228924610114277,2.953056965151192,6.968722849695947,100.0,0.0630644658984742
3857278,2022,Iran,16,16,Mehdi Taremi,0.0311820159535895,0.2,64,0.190907029478458,5,-3.642919299551295e-17,0.019227082789793806,0.12499999999999996,0.031182015953589534,1.6217757157701371,,100.0,0.0
3857278,2022,United States,16,15,Antonee Robinson,0.026086956521739,0.1742424242424242,75,0.073068783068783,6,0.004554865424430526,0.014810084017909963,0.1323232323232323,0.021532091097308474,1.453880414943597,5.727272727272844,100.0,0.007950310559006201
3857279,2022,Australia,16,16,Aaron Mooy,0.0445956160241872,0.2673267326732673,118,0.1308730158730158,1,0.00037792894935747504,0.019793521353247846,0.125,0.044217687074829724,2.233947476332917,118.00000000001361,100.0,0.018140589569160898
3857279,2022,France,15,15,Adrien Rabiot,0.0235002189461391,0.1438356164383561,122,0.1035714285714285,6,-7.308968245448947e-17,0.019377523602716166,0.1333333333333333,0.023500218946139174,1.2127565641486369,,100.0,0.0
3857280,2022,Brazil,16,16,Fábio Henrique Tavares,0.0279146141215105,0.1506849315068493,90,0.038015873015873,4,0.00011728829462816291,0.013421696778860369,0.12499999999999999,0.027797325826882338,2.071073895117648,238.00000000006588,100.0,0.013136288998357901
3857280,2022,Cameroon,14,14,André-Frank Zambo Anguissa,0.025219298245614,0.3058823529411765,82,0.0464743589743589,1,4.287245162056966e-17,0.014629017614173555,0.14285714285714282,0.025219298245613957,1.7239228846904826,,100.0,0.0
3857281,2022,Canada,16,16,Kamal Miller,0.021978021978022,0.2076923076923077,121,0.0009523809523809,1,2.5370330836160804e-17,0.015418917802639842,0.12499999999999997,0.021978021978021976,1.425393290199599,,100.0,0.005494505494505499
3857281,2022,Croatia,16,16,Marcelo Brozović,0.0245414621544819,0.1858407079646017,108,0.1994444444444444,1,0.0010333247222939317,0.017196010581909067,0.12499999999999997,0.023508137432187968,1.3670692583150377,23.75000000000099,100.0,0.006199948333763899
3857282,2022,United States,16,15,Christian Pulisic,0.0322270322270321,0.2517482517482518,81,0.2045918367346938,6,0.0032387365720698198,0.01409418048772389,0.1328671328671328,0.028988295654962276,2.0567563811327125,9.950495049505173,100.0,0.007696007696007697
3857282,2022,Wales,15,14,Sorba Thomas,0.0418353576248318,0.0467289719626168,7,0.0864468864468864,13,0.010266049739734008,0.017341584101677365,0.14218958611481972,0.03156930788509779,1.8204396841718888,4.075117370892044,100.0,0.0202429149797578
3857283,2022,Belgium,16,15,Axel Witsel,0.0436507936507933,0.1402439024390244,142,0.1981746031746031,3,0.0038359788359788806,0.018378152839109336,0.13292682926829266,0.03981481481481442,2.1664209218070676,11.379310344827363,100.0,0.0138888888888886
3857283,2022,Morocco,16,15,Nayef Aguerd,0.0258599045945267,0.1829268292682926,73,0.1363718820861678,1,0.004301615197924399,0.013532759018492728,0.1317073170731707,0.0215582893966023,1.5930446531370697,6.011673151751123,100.0,0.0
3857284,2022,Germany,16,15,Nico Schlotterbeck,0.0427350427350423,0.2864583333333333,205,0.0916666666666666,2,0.004053724053724025,0.015761746441135562,0.13298611111111103,0.03868131868131827,2.4541264399715503,10.542168674698763,100.0,0.0156288156288152
3857284,2022,Japan,16,15,Wataru Endo,0.0428055698813818,0.1666666666666666,42,0.2183333333333333,3,0.002509884820354014,0.020097909176146036,0.1305555555555555,0.04029568506102779,2.004969009853734,17.054794520548622,100.0,0.018566271273852304
3857285,2022,Netherlands,14,14,Daley Blind,0.0265068990559187,0.2523364485981308,84,0.1852564102564102,4,0.00018155410312273673,0.01821793880162842,0.14285714285714282,0.026325344952795964,1.4450232399750327,145.99999999999525,100.0,0.0025417574437183003
3857285,2022,Senegal,15,15,Kalidou Koulibaly,0.0297202797202797,0.1511627906976744,75,0.1320102516531088,2,3.353798720221827e-17,0.0180523395350204,0.13333333333333328,0.029720279720279665,1.6463395042301412,,100.0,0.0065559440559440005
3857286,2022,Ecuador,15,14,Pervis Josué Estupiñán Tenorio,0.1112266112266113,0.297029702970297,112,0.1898656898656898,3,0.01003436717722427,0.0315321611193143,0.14285714285714285,0.10119224404938704,3.209175662476368,11.084566596194565,100.0,0.0846450846450849
3857286,2022,Qatar,13,13,Bassam Hisham Al Rawi,0.0280911302809112,0.2365591397849462,93,0.0891053391053391,3,0.00022119000221186195,0.01928543439569762,0.1538461538461538,0.027869940278699337,1.4451289873417024,127.00000000002139,100.0,0.011501880115018799
3857287,2022,South Korea,14,14,In-Beom Hwang,0.0277777777777776,0.2391304347826087,94,0.1201923076923076,1,-5.724587470723463e-17,0.016096708518503547,0.1428571428571428,0.02777777777777766,1.7256806101599247,,100.0,0.0074786324786324
3857287,2022,Uruguay,15,15,José María Giménez de Vargas,0.0241758241758242,0.2809917355371901,135,0.0475340136054421,1,5.3198186596622086e-17,0.017962915816881326,0.13333333333333328,0.02417582417582415,1.3458741566390913,,100.0,0.0
3857288,2022,Australia,16,15,Aaron Mooy,0.0339157245632061,0.2083333333333333,67,0.199297052154195,1,0.005549845837615547,0.01641312623036138,0.1319444444444444,0.028365878725590554,1.7282435002003882,6.111111111111108,100.0,0.004110996916751999
3857288,2022,Tunisia,15,14,Ellyes Joris Skhiri,0.0217391304347826,0.2195121951219512,90,0.1105442176870748,3,0.0038222646918298782,0.0127323253734638,0.1422764227642276,0.017916865742952724,1.4071950894605894,5.687500000000044,100.0,0.0
3857289,2022,Argentina,16,16,Lionel Andrés Messi Cuccittini,0.0265271355560964,0.1393442622950819,84,0.1686507936507936,6,0.00024336821611092505,0.019113316053610895,0.12499999999999997,0.026283767339985473,1.3751547489855867,109.00000000002288,100.0,0.0019469457288880977
3857289,2022,Mexico,15,15,Luis Gerardo Chávez Magallón,0.0294117647058823,0.1282051282051282,45,0.1339874411302982,6,0.0003016591251885673,0.018544063818164314,0.13333333333333328,0.029110105580693733,1.5697802739537465,97.49999999999001,100.0,0.006787330316742002
3857290,2022,Cameroon,15,15,Nouhou Tolo,0.0223463687150838,0.1721311475409836,72,0.1169413919413919,7,0.00014324595330177982,0.014692315032182258,0.13333333333333328,0.022203122761782018,1.5112065534361316,156.00000000004292,100.0,0.0085947571981093
3857290,2022,Switzerland,16,15,Nico Elvedi,0.039138943248532,0.136,118,0.1651587301587302,1,0.0037834311806914617,0.018280675271585577,0.13226666666666667,0.035355512067840544,1.9340375310312035,10.3448275862068,100.0,0.011741682974559402
3857291,2022,Costa Rica,16,16,Joel Nathaniel Campbell Samuels,0.0288675055514434,0.288135593220339,41,0.0927607709750567,1,0.0002467308166790378,0.014605130606413712,0.12499999999999997,0.028620774734764362,1.959638397358515,116.9999999999837,100.0,0.0019738465334320984
3857291,2022,Spain,16,16,Aymeric Laporte,0.0188153310104528,0.2510460251046025,278,0.0574603174603174,1,-3.122502256758253e-17,0.013919849725043969,0.12499999999999997,0.01881533101045283,1.3516906706687453,,100.0,0.0
3857292,2022,Costa Rica,16,16,Joel Nathaniel Campbell Samuels,0.0395989974937343,0.4791666666666667,119,0.0445351473922902,1,0.00012531328320797503,0.016695849476818365,0.12499999999999997,0.03947368421052633,2.3642812703441196,316.00000000011323,100.0,0.0200501253132833
3857292,2022,Germany,16,16,Joshua Kimmich,0.0238095238095238,0.3512195121951219,226,0.0059523809523809,1,0.00011446886446889399,0.016297649046062155,0.12499999999999996,0.023695054945054906,1.4538940480363403,207.99999999994628,100.0,0.0073260073260073
3857293,2022,Ghana,16,14,Lawrence Ati-Zigi,0.0671378091872797,0.1147540983606557,27,0.0951814058956916,9,0.012042979736064085,0.02153772917439698,0.14110070257611235,0.05509482945121561,2.558061205296875,5.574850299401221,100.0,0.032306915699142395
3857293,2022,Uruguay,16,16,Federico Santiago Valverde Dipetta,0.0294328786791098,0.3070175438596491,125,0.1342460317460317,1,5.551115123125783e-17,0.014764510984352523,0.12499999999999996,0.029432878679109743,1.9934882171378927,,100.0,0.011486001435750098
3857294,2022,Netherlands,16,16,Jurriën David Norman Timber,0.0228571428571429,0.2359550561797752,207,0.0596825396825396,1,6.808789643208968e-17,0.014982983545287846,0.12499999999999994,0.02285714285714283,1.5255401427929491,,100.0,0.0057142857142856995
3857294,2022,Qatar,16,15,Pedro Miguel Correia,0.104895104895105,0.1627906976744186,71,0.1953968253968254,4,0.014052614052614086,0.03491927297281589,0.13255813953488366,0.09084249084249092,2.601500063108713,7.4644549763033075,100.0,0.0319680319680318
3857295,2022,Costa Rica,14,13,Francisco Javier Calvo Quesada,0.0433333333333335,0.3058823529411765,126,0.1564102564102563,1,0.005242165242165207,0.0203477450905511,0.1529411764705882,0.0380911680911683,1.8720093023406672,8.266304347826175,100.0,0.0129629629629632
3857295,2022,Japan,16,16,Hidemasa Morita,0.032069970845481,0.2116788321167883,120,0.0902116402116402,4,-3.7730235602495554e-17,0.01832333103495119,0.12499999999999999,0.032069970845481036,1.750226025186608,,100.0,0.0
3857296,2022,Belgium,16,15,Axel Witsel,0.0182912711275757,0.1159420289855072,91,0.0528004535147392,5,0.00297908466466,0.012983005886721294,0.13285024154589367,0.0153121864629157,1.179402258345784,6.139896373057012,100.0,0.0
3857296,2022,Croatia,14,13,Marcelo Brozović,0.0294540229885059,0.2040816326530612,151,0.0928418803418803,1,0.004890583554376809,0.01702912521235476,0.1533228676085818,0.02456343943412909,1.4424369500970093,6.022598870056342,100.0,0.007543103448275898
3857297,2022,Poland,13,13,Krystian Bielik,0.0237154150197627,0.1168831168831168,47,0.1471861471861472,3,-3.0958142032816866e-17,0.01650851658253179,0.1538461538461538,0.02371541501976273,1.4365563920417173,,100.0,0.0
3857297,2022,Saudi Arabia,16,15,Mohammed Kanoo,0.0248132980004819,0.2932330827067669,138,0.0797619047619047,1,0.0038705532803341002,0.014692085617458587,0.13333333333333333,0.020942744720147802,1.4254439611529057,6.410788381742688,100.0,0.0038544928932789
3857298,2022,Ghana,16,15,Abdul Rahman Baba,0.1106567850753898,0.3023255813953488,63,0.1606854256854257,5,0.008842320470227429,0.031727249683278155,0.13333333333333328,0.10181446460516237,3.2090542237836543,12.514450867052057,100.0,0.07360081778686439
3857298,2022,Portugal,16,15,Raphaël Adelino José Guerreiro,0.0302434226702728,0.2435897435897435,137,0.0581746031746031,2,0.004278337841160566,0.015172249151413268,0.13333333333333325,0.025965084829112237,1.711353707020665,7.068965517241341,100.0,0.0078682075239733
3857299,2022,Ghana,15,13,Daniel Amartey,0.1049830672472189,0.234375,67,0.075091575091575,4,0.014178854527185885,0.030385410839071,0.15144230769230768,0.09080421272003301,2.988414841614472,7.404199475065435,100.0,0.07740686985970019
3857299,2022,South Korea,15,14,Jin-Su Kim,0.1066997518610423,0.2550335570469799,76,0.1526556776556776,6,0.010050670392226417,0.030482833514770505,0.14237775647171616,0.09664908146881589,3.170606873602627,10.616182572614068,100.0,0.0831995329149031
3857300,2022,Argentina,15,15,Lionel Andrés Messi Cuccittini,0.0201976794155564,0.2153846153846154,80,0.0786760858189429,6,-4.7068830314837365e-17,0.01389854888594428,0.1333333333333333,0.02019767941555645,1.4532221731423007,,100.0,0.006446067898581901
3857300,2022,Saudi Arabia,15,13,Salem Mohammed Al Dawsari,0.1133354350567469,0.173076923076923,38,0.3445491016919588,5,0.014029003783102333,0.03347677506911462,0.1523668639053254,0.09930643127364457,2.9664276522640263,8.078651685393176,100.0,0.0898486759142499
3857301,2022,Qatar,15,15,Akram Hassan Afif,0.0266437473141382,0.2589285714285714,78,0.075,3,-5.458596537740353e-17,0.018957236785657673,0.13333333333333328,0.026643747314138256,1.4054657656803604,,100.0,0.0
3857301,2022,Senegal,16,16,Youssouf Sabaly,0.0352250489236787,0.373134328358209,135,0.1081632653061224,1,0.0004892367906066679,0.016940596568669967,0.12499999999999997,0.03473581213307203,2.0504479870155596,71.99999999999716,100.0,0.013698630136985898
3869117,2022,Netherlands,15,14,Andries Noppert,0.0831241694965305,0.1203703703703703,41,0.1234170591313448,9,0.010039864166543556,0.023152179506623828,0.14219576719576715,0.07308430532998694,3.1566922375095423,8.279411764705959,100.0,0.057581573896353495
3869117,2022,United States,16,15,Tyler Adams,0.1111111111111111,0.2481751824817518,140,0.1462169312169312,1,0.008754208754208672,0.03072143708507872,0.13284671532846712,0.10235690235690244,3.3317745544728044,12.69230769230781,100.0,0.0865800865800867
3869118,2022,England,16,15,Declan Rice,0.0331157843848198,0.1142857142857142,99,0.2318688586545729,5,0.0023044073805494596,0.01650652570027923,0.13285714285714284,0.030811377004270342,1.8666179403064282,14.37062937062965,100.0,0.007735073724921503
3869118,2022,Senegal,16,16,Abdou Diallo,0.0238095238095238,0.2555555555555555,87,0.1917051467051466,2,6.917209860457518e-17,0.015029025205895911,0.12499999999999996,0.023809523809523732,1.5842360687626778,,100.0,0.0
3869151,2022,Argentina,16,16,Enzo Fernandez,0.0248132980004819,0.1587301587301587,180,0.1247619047619047,1,0.0001204529029150813,0.017927260923772333,0.12499999999999994,0.02469284509756682,1.37739084640772,205.99999999979372,100.0,0.005781739339918001
3869151,2022,Australia,16,15,Aaron Mooy,0.0319096710849285,0.2129629629629629,98,0.0111111111111111,3,0.003240058910161992,0.015656924379225366,0.132716049382716,0.02866961217476651,1.8311139199731483,9.848484848484786,100.0,0.001963672066764701
3869152,2022,France,15,15,Dayotchanculle Upamecano,0.0233362143474502,0.1968503937007874,101,0.1174123495552067,5,0.000144050705848401,0.015808867667322302,0.1333333333333333,0.0231921636416018,1.4670350925601794,162.00000000006415,100.0,0.008643042350907501
3869152,2022,Poland,16,16,Jakub Piotr Kiwior,0.0296878964729764,0.2752293577981651,136,0.1759523809523809,1,0.0003806140573458937,0.017328508996615737,0.12499999999999994,0.029307282415630506,1.6912754825792702,77.9999999999913,100.0,0.0
3869219,2022,Croatia,17,17,Josip Juranović,0.0278518518518517,0.3043478260869565,158,0.1075,3,-7.020527949835548e-17,0.01711351594452576,0.11764705882352937,0.02785185185185177,1.6274768985014427,,100.0,0.0
3869219,2022,Japan,16,16,Hidemasa Morita,0.0212164073550212,0.1724137931034483,90,0.1527891156462585,4,1.2034644114589099e-17,0.015168041435309157,0.12499999999999997,0.02121640735502119,1.3987572123604732,,100.0,0.0
3869220,2022,Morocco,16,15,Sofyan Amrabat,0.0326530612244896,0.0898876404494382,50,0.116130007558579,4,0.0031292517006802664,0.01753783188497629,0.1325842696629213,0.02952380952380933,1.6834355419440858,10.434782608695608,100.0,0.004081632653061197
3869220,2022,Spain,17,17,Rodrigo Hernández Cascante,0.0307692307692307,0.2454545454545454,394,0.065704365079365,1,2.0408511482080083e-19,0.017851492760800548,0.11764705882352938,0.0307692307692307,1.7236222864675916,,100.0,0.0
3869253,2022,Brazil,16,16,Carlos Henrique Casimiro,0.0245310245310244,0.2071428571428571,126,0.0134920634920634,4,-7.502679033599691e-17,0.01651590641018697,0.12499999999999993,0.024531024531024476,1.4852968963237645,,100.0,0.0
3869253,2022,South Korea,15,15,Hee-Chan Hwang,0.0180032733224223,0.2833333333333333,99,0.0693354264782836,3,4.6027996229251284e-17,0.012769628915161379,0.1333333333333333,0.018003273322422256,1.4098509394464056,,100.0,0.0
3869254,2022,Portugal,16,16,Raphaël Adelino José Guerreiro,0.0242050308495489,0.2211538461538461,74,0.0757658214801072,4,0.000474608448030313,0.017643692734163302,0.12499999999999997,0.023730422401518587,1.3449804844747502,51.00000000000619,100.0,0.0018984337921213977
3869254,2022,Switzerland,16,16,Granit Xhaka,0.0277185501066098,0.247787610619469,125,0.0015873015873015,1,1.8214596497756474e-17,0.015940057918980642,0.12499999999999997,0.02771855010660978,1.7389240520640699,,100.0,0.0
3869321,2022,Argentina,17,17,Alexis Mac Allister,0.0278518518518517,0.1716417910447761,89,0.1958333333333333,4,-6.489906651301467e-17,0.013725907937067185,0.11764705882352937,0.027851851851851767,2.0291445913488237,,100.0,0.005037037037037
3869321,2022,Netherlands,16,15,Andries Noppert,0.0871985157699444,0.2233502538071066,76,0.0920238095238095,5,0.008781694495980262,0.023676713172346882,0.13299492385786796,0.07841682127396414,3.311980877715355,9.92957746478868,100.0,0.0686456400742115
3869354,2022,England,14,13,Jude Bellingham,0.0355555555555555,0.1896551724137931,75,0.3305250305250304,6,0.0032478632478632015,0.019968929038965844,0.153183023872679,0.0323076923076923,1.6178980978223487,10.94736842105277,100.0,0.007777777777777901
3869354,2022,France,12,11,Hugo Lloris,0.0999999999999999,0.1034482758620689,22,0.2078787878787878,10,0.016322314049586707,0.027479727207844067,0.18077324973876693,0.0836776859504132,3.0450697460536458,6.126582278481032,100.0,0.0852272727272727
3869420,2022,Brazil,16,15,Neymar da Silva Santos Junior,0.0281827016520893,0.2312138728323699,119,0.013095238095238,5,0.002397149335924826,0.017947044709484418,0.13294797687861268,0.025785552316164473,1.4367575683665437,11.756756756756811,100.0,0.0019436345966956994
3869420,2022,Croatia,15,14,Marcelo Brozović,0.0235002189461394,0.1264367816091954,188,0.1074175824175824,2,0.004733407010447013,0.012322110809845613,0.14244663382594414,0.018766811935692386,1.5230192477004287,4.9647577092509705,100.0,0.006568384177492299
3869486,2022,Morocco,14,13,Yassine Bounou,0.1150341685649202,0.2388059701492537,35,0.1607905982905983,5,0.011593948951580085,0.032169870655670015,0.15154994259471868,0.10344021961334011,3.215437846191916,9.921914357682482,100.0,0.0983295368261197
3869486,2022,Portugal,16,16,Bernardo Mota Veiga de Carvalho e Silva,0.0262390670553936,0.2392638036809816,172,0.0484126984126984,2,-5.637851296924623e-18,0.01662063301893784,0.12499999999999997,0.026239067055393608,1.5787044347526569,,100.0,0.0
3869519,2022,Argentina,16,16,Alexis Mac Allister,0.0252689517137853,0.2151898734177215,70,0.061156462585034,3,0.0007505629221916557,0.017093510985777983,0.12499999999999996,0.024518388791593643,1.4343682121240775,33.666666666666075,100.0,0.0
3869519,2022,Croatia,16,16,Mateo Kovačić,0.0252100840336133,0.237037037037037,169,0.0287301587301587,1,-2.5370330836160804e-17,0.014953891109287494,0.12499999999999996,0.025210084033613325,1.6858544608470474,,100.0,0.005602240896358499
3869552,2022,France,13,13,Antoine Griezmann,0.0267379679144384,0.2183908045977011,50,0.2449494949494949,6,-2.9890619893754213e-17,0.01911811450010032,0.1538461538461538,0.026737967914438433,1.3985672025501326,,100.0,0.008689839572192503
3869552,2022,Morocco,16,15,Sofyan Amrabat,0.0396825396825396,0.2767295597484276,139,0.1486848072562358,3,0.0026455026455026944,0.018409543304451603,0.1324947589098532,0.0370370370370369,2.0118389915778625,14.999999999999691,100.0,0.015873015873015796
3869684,2022,Croatia,14,14,Joško Gvardiol,0.0179324894514768,0.1954887218045112,122,0.0064102564102564,3,3.568574007723718e-17,0.01521329652094508,0.14285714285714282,0.017932489451476765,1.1787379169786119,,100.0,0.0
3869684,2022,Morocco,16,16,Yahia Attiyat allah,0.0243902439024389,0.2649572649572649,81,0.022089947089947,4,-2.47198095326695e-17,0.013349995861092636,0.12499999999999994,0.024390243902438925,1.8269851284015826,,100.0,0.005574912891986101
3869685,2022,Argentina,17,15,Nicolás Hernán Otamendi,0.0965408805031448,0.1463414634146341,129,0.1941716269841269,2,0.010055904961565425,0.02716451759157193,0.1317073170731707,0.08648497554157937,3.1837478891365336,9.60041695621953,100.0,0.0623689727463314
3869685,2022,France,17,16,Jules Koundé,0.032190760059612,0.1746031746031746,99,0.1563761123136123,4,0.0033718330849477757,0.01539314743640072,0.12400793650793646,0.028818926974664226,1.8721919668303242,9.546961325966876,100.0,0.011823149528067203
